TOTAL_TRIPS,BusStopCode,type,Description,Latitude,Longitude
109,10011,origin,BEF NEIL RD,1.2777380589964,103.83749709165197
62,10041,origin,BEF KAMPONG BAHRU TER,1.27605834770353,103.83519065305671
61,10051,origin,Blk 149,1.2774116353284,103.83214410914843
27,10061,origin,Blk 140,1.27860472196885,103.82948638898173
81,10071,origin,Blk 111,1.28045309423663,103.82638920754815
108,10081,origin,Opp Blk 120,1.2822783541702,103.82241744338572
294,10091,origin,Bt Merah Town Ctr,1.28394108576437,103.81783962251122
42,10101,origin,OPP BT MERAH SEC SCH,1.28506195168861,103.8137833011436
162,10111,origin,Opp Blk 28,1.28592835098556,103.80935410958449
269,10131,origin,Opp Blk 2,1.28619141382394,103.80686549059318
54,10501,origin,Blk 104,1.28105845355429,103.82528065411316
304,11021,origin,Aft Queenstown NPC HQ,1.28941805603102,103.80228694398484
25,11031,origin,Opp Queen's Cl,1.29119666696879,103.80045500000118
43,11041,origin,Aft C'wealth Dr,1.29624499998226,103.79952333299494
133,11051,origin,Opp Queenstown Polyclinic,1.29872166703909,103.8002979755481
33,11061,origin,Opp Queensway Sec Sch,1.30265777802206,103.80118694402536
70,11071,origin,Blk 97,1.30621305601609,103.80170944396954
13,11081,origin,Viz Holland,1.30851972202313,103.80258027799627
37,11091,origin,Tulip Gdn,1.31219444050072,103.80367378215983
94,11101,origin,Farrer Rd Mkt,1.31614971080385,103.80596012189226
64,11111,origin,Farrer Rd Stn Exit B,1.31780157259006,103.80771866952543
2388,14009,origin,HarbourFront Int,1.26703502614245,103.81901469907409
59,14131,origin,Caribbean at Keppel Bay,1.26740130257465,103.81675441150337
32,14151,origin,Opp Chr Community Chapel,1.26964765905364,103.8129359412343
107,14161,origin,Telok Blangah Stn,1.27075866533548,103.81009913005327
4,14171,origin,Opp Yeo's Bldg,1.27145959833005,103.80654857059398
287,15041,origin,Aft PSA Bldg,1.27474059154052,103.80188920243768
148,15051,origin,Alexandra Pt,1.27718388886974,103.80248500000464
119,16091,origin,Opp SIT Dover,1.29939666697351,103.7792311110139
30,17059,origin,Regent Pk,1.31694333299923,103.76170111103328
113,17121,origin,Blk 610,1.30476410258543,103.76944539352431
12,17131,origin,Clementi Flyover,1.3080413890204,103.76591111102081
120,17141,origin,Clementi Stadium,1.3109950000148,103.76349999999258
47,18011,origin,Aft Hortpark,1.28087089714667,103.8021033300325
16,18041,origin,Normanton Pk,1.28836025261771,103.7931740283919
387,18071,origin,NUH,1.29540809825612,103.7844750019296
79,18101,origin,PSB Science Pk Bldg,1.29282473128738,103.78636181453894
69,18131,origin,Science Pk,1.28950073498414,103.7918327963467
14,20089,origin,Opp Carrier S'pore,1.32702967705527,103.7392229529496
82,20101,origin,Nan Hua Pr Sch,1.31993714188512,103.76221926730373
8,20271,origin,Opp German Ctr,1.32527553308365,103.74550887325397
37,21019,origin,Aft Yuan Ching Rd,1.32554867828642,103.72703317988619
24,21179,origin,CORP PL,1.32586166697514,103.71929527796603
27,21189,origin,Blk 161,1.33026046590704,103.72122294249655
18,21199,origin,Opp Jurong Stadium,1.333309472028,103.72051292839538
2,21209,origin,Opp Sime Rengo Packaging Ltd,1.33687648564633,103.71805599895127
3,21219,origin,Lakepoint Condo,1.34010356133429,103.71625930906035
28,21279,origin,Assyakirin Mque,1.33491282590378,103.71952517818409
42,21689,origin,Blk 200,1.34241984576482,103.71442338427325
15,21699,origin,SUMMERDALE,1.34154982082089,103.71203075013112
900,22009,origin,Boon Lay Int,1.33932334709184,103.70545701843297
21,22499,origin,Opp Blk 662C,1.33752755300605,103.70488157561539
34,28011,origin,BEF TOH TUCK AVE,1.32425805601593,103.7591472219987
90,28099,origin,Opp Lakeside Stn,1.34432009933148,103.71929832147642
105,28101,origin,Opp SMRT Ulu Pandan Depot,1.33312436803086,103.75905617435505
51,28181,origin,Bef Toh Tuck Link,1.32996642498284,103.75819801692671
549,28201,origin,Opp The JTC Summit,1.33205706208933,103.7418504873348
5,28231,origin,Jurong Town Hall,1.32986201071411,103.74248183726264
33,28241,origin,Opp Jurong East Lib,1.33175858461326,103.73957485927775
46,28251,origin,S'pore Science Ctr,1.33382805600325,103.7369883329766
3,28261,origin,Aft S'pore Science Ctr,1.33614236992322,103.73489878344925
3,28271,origin,Opp Blk 114,1.33899259685337,103.73390575121081
8,28281,origin,Parc Oasis,1.3420603281321,103.73537548132207
17,28291,origin,Blk 303,1.34446090409168,103.73638303040048
119,28329,origin,Blk 246,1.3414709231345,103.74043571670437
229,28339,origin,Blk 252,1.34270510558579,103.73737517747826
28,28381,origin,Blk 515,1.34626967118054,103.72129604136144
224,28391,origin,Blk 501,1.34978093237085,103.71937165971983
59,28459,origin,Opp Parc Oasis,1.34440772894012,103.7343152870331
159,28469,origin,Blk 316,1.34612717332075,103.73193313637753
196,28499,origin,Jurong Polyclinic,1.34963044051902,103.73046199733298
128,28509,origin,Blk 422,1.35003470887569,103.72654009750788
290,28519,origin,Blk 425,1.35058416759245,103.72452492776075
161,28529,origin,Blk 441,1.35117921308914,103.7206511492765
213,28621,origin,Blk 241,1.34154348249683,103.74358012428006
1282,40011,origin,LITTLE INDIA STN EXIT A,1.30606411522588,103.84908751469008
144,40031,origin,Newton FC,1.31178509472011,103.84098359641321
137,40041,origin,Newton Stn Exit C,1.3137222313328,103.83809742560602
162,40051,origin,Balmoral Plaza,1.31652526011987,103.83570789921559
56,40071,origin,Leng Kwang Baptist Ch,1.31918027796911,103.829213610999
173,40081,origin,Stevens Stn,1.32012951912406,103.82605259642706
36,40111,origin,City Twrs,1.31806499998598,103.83262555597635
203,40231,origin,Raffles Town Club,1.32230868317131,103.82577145824762
468,40271,origin,Opp KK Women & Child Hosp,1.30880664936794,103.8463464537845
94,41031,origin,Bef Crown Ctr,1.3230683576264,103.811977237669
167,41041,origin,Coronation Plaza,1.32398472197176,103.8102991670086
136,41051,origin,Tan Kah Kee Stn,1.32612500001248,103.80715333299845
56,41061,origin,Chinese High Sch,1.32705333303352,103.80572472199289
178,41071,origin,Opp Natl JC,1.328988333013,103.80266277802423
216,41081,origin,Sixth Ave Stn,1.33082323351422,103.79727250094409
26,41101,origin,St. Margaret's Sec Sch,1.31908138967253,103.80921733406133
15,41111,origin,Lutheran Twrs,1.32081170217365,103.81185140010722
217,42011,origin,Sixth Ave Ctr,1.33161452117352,103.79503057628676
10,42021,origin,Aft Maple Ave,1.33254537683925,103.79237058676013
112,42031,origin,The Tessarina,1.33332611108217,103.78997500000864
190,42041,origin,The Nexus,1.33442500001261,103.78689111113574
255,42051,origin,King Albert Pk Stn,1.33598305556873,103.78263611110306
162,42061,origin,King Albert Pk,1.33687567142278,103.78038743713434
1173,42071,origin,Pei Hwa Presby Pr Sch,1.33876225175982,103.77694915592028
1020,42091,origin,Beauty World Stn Exit B,1.34278636864291,103.77539033846315
127,42111,origin,WOH HUP BLDG,1.34584805601375,103.77262861101015
292,42311,origin,Opp Burgundy Hill,1.33865749997067,103.76028055601957
55,43009,origin,Bt Batok Int,1.34999354306126,103.75106190953444
136,43011,origin,Bt Regency,1.34742333297015,103.77118138899144
58,43021,origin,Aft Old Jurong Rd,1.35132007773328,103.76979529427526
173,43041,origin,Hume Pk Condo,1.35582940983395,103.76845331635313
108,43051,origin,Opp The Rail Mall,1.35910148170791,103.76705036241354
678,43061,origin,Hillview Stn,1.36301133873589,103.76739148459211
16,43071,origin,Opp Dairy Farm Rd,1.36511351504744,103.76698012950051
129,43081,origin,Opp Assumption Eng Sch,1.36704277799302,103.76572777796798
184,43091,origin,Bef Cashew Stn,1.36863253283887,103.76474109358477
532,43111,origin,Min Of Defence,1.37229972154626,103.76298146518725
592,43169,origin,Blk 254,1.34931074950483,103.7578877455261
50,43179,origin,Blk 231,1.3489707828044,103.75430345301592
98,43181,origin,Keming Pr Sch,1.34648944401178,103.75681722199707
39,43189,origin,Blk 283,1.34694984968785,103.75681389918313
40,43199,origin,Ch Of St. Mary,1.34663409083885,103.75920055445125
10,43209,origin,Autobacs,1.34697997431974,103.76384248905434
194,43231,origin,Opp The Petals Condo,1.35393625714127,103.76006304222618
208,43241,origin,Opp Hillview Apts,1.35584392851879,103.76188709548238
391,43251,origin,Hillbrooks,1.35859534411792,103.76319656643706
277,43261,origin,Opp Hillview Hts,1.3614550000211,103.76436750000349
305,43271,origin,Glendale Pk Condo,1.36222569232805,103.76588123664067
32,43349,origin,Opp Princess E Pr Sch,1.34989138902216,103.74073750002215
57,43381,origin,Blk 102,1.34696555762849,103.74766049075139
10,43409,origin,Opp Blk 127,1.35235542005389,103.74623591627208
20,43411,origin,Opp Blk 628,1.35176519952681,103.75019891787089
139,43419,origin,Blk 628,1.35155523613685,103.74998784769572
6,43469,origin,Bef Bt Batok West Ave 5,1.35546802880026,103.74730862146369
47,43479,origin,Opp Blk 305,1.35765247384472,103.74723575988492
110,43489,origin,Opp Blk 315,1.35978620558748,103.74635170320164
658,43499,origin,Blk 419,1.36259558126251,103.74686723054008
517,43521,origin,Bt Batok Driving Ctr,1.36756037490262,103.750164221858
44,43539,origin,Opp Blk 140,1.35142277800259,103.7433686110311
20,43571,origin,Opp Bt Gombak Stn,1.35920995233758,103.75150455211015
158,43611,origin,Blk 290H,1.3440783607984,103.75829172450743
31,43621,origin,Opp Parkview Apts,1.34169275195642,103.75908187494267
3,43639,origin,Opp Ppis Bt Batok,1.34810218754524,103.76845262919154
466,43649,origin,HomeTeamNS,1.36545844046425,103.7506020069351
93,43691,origin,Blk 190,1.34490189049397,103.74605567060456
120,43709,origin,Blk 644,1.3486867689202,103.75207088829217
275,43839,origin,Opp Blk 336,1.36527346533705,103.74824970624866
350,43991,origin,OPP BLK 635A,1.386207,103.7565
501,44009,origin,Choa Chu Kang Int,1.38586897797184,103.74578895932125
225,44011,origin,Opp The Linear,1.37448606693865,103.76257120089846
1500,44021,origin,Bt Panjang Stn Exit B,1.37820722702851,103.76172178111382
23,44029,origin,Bt Panjang Stn Exit A/Lrt,1.37863409952448,103.7621954983533
675,44041,origin,Ten Mile Junction Stn,1.3809505774787,103.7603697770399
998,44051,origin,Opp Blk 632 CP,1.38440811744123,103.75801976703181
32,44061,origin,Bef Yew Tee Flyover,1.38792499938306,103.7553863903753
834,44131,origin,Blk 26,1.37710069702793,103.75532192967427
1021,44141,origin,Phoenix Stn,1.37835602806756,103.75773677895589
595,44151,origin,Opp Bt Batok Fire Stn,1.37392273953012,103.75223395114867
149,44161,origin,Aft Bt Batok West Ave 5,1.37071120082306,103.74995297031272
1654,44201,origin,Aft Petir Stn,1.37732275970527,103.7672668951858
63,44209,origin,Opp Petir Stn,1.37719530827914,103.76698269593902
729,44211,origin,Blk 127,1.37610015820197,103.76921822286211
48,44219,origin,Bet Blks 139/140,1.37578333297826,103.769352222019
7070,44221,origin,Opp Pending Stn,1.3762995851872,103.77099428887409
51,44229,origin,Bef Pending Stn,1.37656055754166,103.771459794786
1326,44231,origin,Zhenghua Pr Sch,1.37916686797468,103.76933485417399
2656,44241,origin,Opp Lompang Rd,1.38117443945082,103.76586096715347
3483,44251,origin,Blk 604,1.38030076722264,103.76231669235113
307,44259,origin,Blk 183,1.38029564329691,103.76297124601712
13917,44261,origin,Blk 270,1.3760822219899,103.774277778025
77,44269,origin,Blk 223,1.37577833299245,103.77422500002575
290,44359,origin,Bef Chestnut Ave,1.36772582083696,103.77530877476855
129,44369,origin,Aft Dairy Farm Rd,1.36574284265165,103.7753149073364
349,44379,origin,Opp Blk 219,1.37355053515267,103.77293526626733
467,44389,origin,Opp Blk 201,1.37154303506556,103.77461859337586
18,44539,origin,Lot 1 Shoppers' Mall,1.38463078337388,103.74502387945829
7,44541,origin,Northvale Condo,1.38764444400097,103.74593527798108
370,44731,origin,Opp Blk 180,1.37887883000016,103.76432732997739
2275,44739,origin,Blk 180,1.37876549999936,103.76459849996492
105,45011,origin,Aft Yew Tee Flyover,1.3902154350718,103.75455779683573
89,45021,origin,Heavy Veh Pk,1.39385694401888,103.75383583300305
232,45031,origin,Yew Tee Ind Est,1.39623361717149,103.75421868895825
354,45041,origin,Thong Huat Bros Pte Ltd,1.40062703005588,103.75556160767161
839,45051,origin,Da Di Glass,1.403385556,103.7560103
4147,45061,origin,Opp Mandai Est,1.40718111138275,103.75606300126093
1587,45071,origin,Bef Mandai Rd,1.40955433592964,103.75568311864467
122,45091,origin,Opp Jln Bumbong,1.41421866753882,103.75523144616068
14,45101,origin,Aft LP 234,1.41863235748269,103.75457151987825
33,45111,origin,Opp Kranji War Memorial,1.42170099129292,103.75566245596836
28,45121,origin,Opp S'pore Turf Club,1.42402638898738,103.75863222200965
730,45131,origin,Opp Kranji Stn,1.42513583961154,103.76103770449444
1,45139,origin,Kranji Stn,1.42525961270458,103.76178101875855
7,45149,origin,Bef W'Lands Rd,1.4251485321405,103.75694671247683
7,45159,origin,Multistates Trading,1.40081444400002,103.75410111097352
6,45169,origin,Opp Eurokars Ctr,1.40316333179329,103.75459594317567
12,45179,origin,Sri Arasakesari Sivan Tp,1.40606366967223,103.75520214111529
51,45321,origin,Yew Tee Stn,1.39740269682477,103.74755489070483
174,45441,origin,Opp Eng Hua Furniture Mfg Pte Ltd,1.43189396450238,103.74745276475524
418,46008,origin,W'Lands Temp Int,1.43773062645251,103.78672939877963
421,46011,origin,Bef W'Lands Ctr Rd,1.4385198561158,103.7742921156719
3684,46019,origin,Aft W'Lands Ctr Rd,1.4386733329964,103.7741286109918
96067,46069,origin,W'Lands Train Checkpt,1.44288948418349,103.76933833799299
729,46071,origin,Blk 137,1.43864652268091,103.77679962439775
19600,46079,origin,Opp Blk 137,1.43886731397133,103.77691747568024
9612,46088,origin,Opp Blk 1A,1.44180914262822,103.77108660594439
1134,46101,origin,W'Lands Checkpt,1.44460832436456,103.76774882217022
21386,46109,origin,W'Lands Checkpt,1.44694093553778,103.76925342517902
7492,46111,origin,Blk 23,1.44132222201705,103.77372416702165
1545,46119,origin,Marsiling CC,1.44101545973486,103.77252382232057
1436,46129,origin,Marsiling Lane Mkt/Fc,1.44378798401059,103.77675415681387
61,46139,origin,Aft Riverside Rd,1.4461801595519,103.7772632603031
19050,46141,origin,Blk 32,1.44364959550382,103.77329520911692
1464,46149,origin,Blk 203,1.4436158329924,103.77379694403167
23685,46151,origin,Blk 212,1.44582725741537,103.77347243148317
1378,46159,origin,Blk 206,1.4456557748871,103.77343912801257
4448,46161,origin,GES S'pore,1.44536006142756,103.77556464561282
78,46169,origin,Si Ling Sec Sch,1.44535191044578,103.77526673254576
17017,46171,origin,Opp Blk 19,1.44412876526641,103.77800011395242
845,46179,origin,Blk 18,1.44401436320878,103.77787477069215
361,46181,origin,Opp Blk 12,1.44015882292646,103.778867882596
34736,46189,origin,Blk 12,1.44008271628617,103.77854042726402
9401,46191,origin,Opp Blk 120,1.43978268235949,103.78053807087814
60,46199,origin,Blk 120,1.43955043252866,103.78065534399263
3468,46201,origin,Blk 10,1.44071020952285,103.77680238652405
12,46211,origin,Johor Bahru Checkpt,1.46491732433248,103.76547712149443
6110,46219,origin,Johor Bahru Checkpt,1.4654268105665,103.76826657164715
5055,46229,origin,Opp Innova JC,1.43013056874728,103.78706868583511
13081,46241,origin,Opp Blk 15,1.44211845227565,103.77894354468205
184,46249,origin,Blk 15,1.44211238924063,103.77874767257565
9,46251,origin,Riverside Sec Sch,1.4409223616912,103.78908630031805
6414,46261,origin,Blk 808,1.44256309213662,103.78694461350949
18,46271,origin,Opp Blk 802,1.44040195107982,103.78588806965098
15379,46279,origin,Blk 803,1.44021958652464,103.78690125681027
39,46281,origin,Blk 825,1.43878695707764,103.79002589502426
4735,46289,origin,Blk 891C CP,1.43872239825648,103.79091198323174
21,46291,origin,Blk 106,1.4364014799639,103.78248384607947
1817,46299,origin,Opp Blk 106,1.43692705673107,103.78274585693057
28,46301,origin,Progen Bldg,1.44274264517274,103.78280019667034
10000,46309,origin,Opp Progen Bldg,1.44317008649619,103.78254975765708
41,46311,origin,Blk 18,1.44234108679072,103.78051008341868
4146,46319,origin,Opp Blk 18,1.44229032785462,103.7802984405171
34,46321,origin,W'Lands Civic Ctr,1.43457763941924,103.78655642033898
329,46329,origin,Opp W'Lands Civic Ctr,1.43444810854853,103.78737576801932
135,46331,origin,Blk 511,1.43314769562187,103.78816378743082
2578,46339,origin,Blk 370,1.43352632033198,103.78798319246935
22,46341,origin,Rosewood,1.43172193690625,103.78630311506315
4801,46349,origin,Aft Blk 353,1.4318970485931,103.78622445675852
23,46351,origin,WOODHAVEN,1.43084888887005,103.78373500001297
4315,46359,origin,Aft Blk 336,1.43082500006702,103.7829908333452
66,46361,origin,Blk 425,1.4274660260627,103.773787554639
6265,46369,origin,Blk 413,1.42760121342773,103.77315906940312
73,46371,origin,Blk 406,1.42917208793815,103.77253170053454
1671,46379,origin,Blk 409,1.42911804399457,103.77294013114384
2811,46389,origin,Aft W'Lands Ind Pk D St 2,1.42930397640592,103.76660954719264
47,46391,origin,Blk 853,1.43921765358175,103.79299454006805
15057,46399,origin,Aft 888 Plaza,1.43896035246776,103.79423705109248
2658,46409,origin,Blk 701A CP,1.44063323115091,103.79570596322442
4,46411,origin,Blk 869,1.44270591766599,103.79441916127091
6112,46419,origin,Evergreen Pr Sch,1.44356110989447,103.79409801518702
4,46421,origin,Evergreen Sec Sch,1.44087032562722,103.79353779670151
37,46429,origin,Blk 856,1.44071444400658,103.7931500000338
3,46431,origin,Blk 840,1.44397726846722,103.79225565189952
45,46439,origin,Blk 880,1.44413536712492,103.79265007190847
2,46441,origin,Blk 816,1.44219465826527,103.78973710977665
46,46449,origin,Blk 875,1.44235503567241,103.79003727703439
5989,46459,origin,Blk 872,1.4441853308513,103.78940895329838
9778,46469,origin,Blk 759,1.44668865905093,103.79491852510797
67,46471,origin,Opp Blk 773,1.44796931841747,103.79758820990358
8604,46479,origin,Blk 774,1.44796869795143,103.79840963198184
20,46481,origin,Aft Woodlands Ind Pk E6,1.44964404178885,103.8011125258027
5977,46489,origin,Aft Gambas Ave,1.44952095631928,103.80160651744906
3,46491,origin,Blk 402,1.43188974761143,103.77200799456398
851,46499,origin,Opp Blk 402,1.4322913388299,103.77219638823969
1847,46501,origin,Opp Marsiling Pk,1.43796940271606,103.77118912980488
915,46509,origin,Marsiling Pk,1.43804390195153,103.7709643228368
265,46511,origin,Marsiling Pr Sch,1.43438229479103,103.77255675974702
26,46519,origin,Opp Blk 144,1.43554811627266,103.77213801008084
16099,46521,origin,Marsiling Stn,1.43237833345523,103.77429333367095
4,46529,origin,Opp Marsiling Stn,1.43208152770031,103.77459689006626
12995,46531,origin,Blk 173,1.43240249999047,103.77751138903017
23522,46541,origin,Opp Blk 347,1.43328331503309,103.78083569681783
8167,46551,origin,Blk 101,1.4353272824077,103.78162336464779
31,46559,origin,Opp Blk 101,1.43550165535928,103.78127722609429
3649,46561,origin,Opp Blk 178,1.43461192439784,103.77719002912507
73,46569,origin,Blk 178,1.43472154667119,103.77745880948639
3680,46571,origin,Opp Blk 154,1.43475417848392,103.7758535357882
49,46579,origin,Blk 154,1.43488583298053,103.77552249997427
1360,46581,origin,Opp Blk 146,1.4364411890996,103.77379636706418
72,46589,origin,Blk 146,1.43632306005208,103.7741086340661
1342,46591,origin,Blk 303,1.43068958976223,103.77322606797722
3216,46611,origin,Fuchun Sec Sch,1.42923412810157,103.77760584579323
29,46619,origin,Opp Fuchun Sec Sch,1.42907407993851,103.77775112537243
7675,46621,origin,Blk 335,1.42955535916481,103.78064562823636
101,46629,origin,The Woodgrove,1.42946092866646,103.7808172850331
15,46631,origin,Blk 892C CP,1.43689297551872,103.78915264291737
230,46639,origin,Opp Blk 892C CP,1.43702205360453,103.78884919678751
4064,46649,origin,Blk 515,1.43513571565336,103.79042134084122
2050,46651,origin,Blk 550,1.43298096854241,103.79455264522785
25543,46659,origin,Opp Blk 550,1.43269272771322,103.79414300304941
4,46669,origin,W'Lands Pr Sch,1.43740934044808,103.79182446445486
5,46679,origin,Opp 888 Plaza,1.43677694401385,103.7948505560336
10970,46681,origin,Blk 899A,1.4357329097814,103.79577696652271
489,46689,origin,Blk 609,1.43587054546915,103.79601265965388
113,46691,origin,Opp 888 Plaza,1.43823132518893,103.79587886684328
7131,46699,origin,888 Plaza,1.43769989889611,103.79566316043969
7518,46719,origin,Givaudan S'pore,1.45490953729339,103.80106314214777
1451,46729,origin,Aft W'Lands Ind Pk E7,1.4521571470745,103.80223070821165
467,46739,origin,BLK 782,1.44847350274561,103.80400338022199
1291,46749,origin,Opp Seagate,1.44598746959694,103.80719081852185
11,46761,origin,Blk 706,1.43964444400977,103.79740027801978
4439,46769,origin,Blk 666,1.43935103379454,103.79735798460473
31,46771,origin,Opp Admiralty Stn,1.44088808355944,103.80018670656507
6089,46779,origin,Admiralty Stn,1.44071357576488,103.80070754495145
4,46781,origin,Bef Admiralty Pr Sch,1.44267569107428,103.80124424937155
1011,46789,origin,Opp Admiralty Pr Sch,1.44351138898079,103.80106305603081
10,46791,origin,Blk 722,1.44569499940057,103.79963351229267
2065,46799,origin,Blk 786A CP,1.44586617373151,103.79970850070715
52,46801,origin,Aft W'Lands Mart,1.44651205748064,103.79756626316295
1673,46809,origin,Opp W'Lands Mart,1.44649662319346,103.79808713932866
5,46811,origin,Blk 726,1.44379237320988,103.79931523209541
31,46821,origin,Blk 713,1.44215561041047,103.79755539404626
15,46831,origin,Blk 747A CP,1.44364527797106,103.7956269439894
25,46841,origin,Opp Blk 739A CP,1.44498571659794,103.79690162812369
2,46851,origin,Blk 664,1.43612666735899,103.79761267660548
5,46859,origin,Blk 608A,1.4362025834102,103.79739593537928
6,46869,origin,Blk 628A,1.43507671767646,103.80054550817393
4,46879,origin,Blk 637,1.43706616822564,103.80215927133399
767,46881,origin,Old Chang Kee Bldg,1.44983018145906,103.80523207218322
463,46891,origin,Jordon Food Ind,1.44823908984273,103.80703539255815
974,46901,origin,Blk 15,1.4479841829065,103.80951476110357
1540,46911,origin,Opp Blk 20,1.45068968281344,103.81027103832493
2544,46921,origin,Opp Blk 22,1.4533158942724,103.81089004960499
1810,46931,origin,Opp W'Lands Spectrum 1,1.45305389773625,103.80789928421208
2030,46941,origin,Opp Nylect Engrg,1.45167306508663,103.80547695607456
3241,46951,origin,Blk 536A,1.43143692171434,103.79133300087983
23102,46969,origin,Blk 532,1.43059181782407,103.79269972105995
291,46971,origin,Woodgrove Pr Sch,1.43187555599274,103.79034249996818
16484,46979,origin,Opp Blk 507,1.43130555598072,103.79065444401148
1460,46981,origin,Blk 541,1.42810336959513,103.792511107377
12385,46989,origin,Opp Blk 540,1.42802334589801,103.79221259917931
10076,46999,origin,Opp Blk 589,1.42742826147903,103.79600329149085
754,47019,origin,Aft W'Lands Waterfront Pk,1.45075155241442,103.77892930711522
51,47029,origin,Opp Khalsa Crescent Drug Rehab Ctr,1.45096550351717,103.78252315836185
662,47039,origin,Aft View Rd,1.45156922188356,103.78905216062749
2999,47049,origin,W'Lands Auto Hub,1.45246524141338,103.7925804884025
792,47059,origin,Bef W'Lands Ind Pk E4,1.45396450182247,103.7954729366899
725,47069,origin,Nth Tech,1.45593908069502,103.79877069336828
2629,47079,origin,Opp British American Tobacco,1.45786431264124,103.8029959994045
386,47089,origin,Aft Senoko Dr,1.46227877192855,103.80387918503345
304,47099,origin,MASTERDON,1.46400708429355,103.80529911397457
109,47109,origin,MAXSTEEL ENTERPRISE,1.46608416701086,103.80861861101391
660,47119,origin,Aft Senoko Way,1.46646104980927,103.81068004378777
6483,47501,origin,Opp Blk 583,1.43046208317462,103.79470229416464
6484,47511,origin,Blk 554,1.43190354583508,103.79644777764182
13665,47521,origin,Opp Blk 575,1.43165346145517,103.79813585749302
6491,47539,origin,Opp Woodgrove Sec Sch,1.42870555201688,103.79766275675345
2,47541,origin,Blk 639,1.43789201937501,103.80334162830194
1692,47549,origin,Opp Blk 639,1.4379048516895,103.80352352573782
9,47551,origin,Blk 630,1.43472623786722,103.80188755233279
7341,47559,origin,Opp Blk 630,1.43461254485308,103.80204564158956
5,47561,origin,Blk 620,1.43320820124698,103.79885163626874
6512,47569,origin,Opp Blk 620,1.43291945534759,103.7987803897484
1,47571,origin,Blk 618,1.43349024051919,103.79639715585557
5735,47579,origin,Blk 556,1.4333134741952,103.79597019770507
4166,47589,origin,Blk 519A CP,1.43479106906247,103.79254444311259
204,47591,origin,Blk 680,1.43973872693624,103.8025081158021
313,47599,origin,Blk 683A,1.4399264222862,103.80263149734922
6,47601,origin,Blk 793,1.44211880036977,103.80304911976373
892,47609,origin,Opp Blk 793,1.44184941782685,103.80309468577371
11,47611,origin,Woodsvale Condo,1.44388706173517,103.80622284389754
7329,47619,origin,Opp Woodsvale Condo,1.44430697551185,103.80713784459924
6,47621,origin,Aft Gambas Ave,1.44689218119453,103.80982770058664
647,47629,origin,Seagate,1.44667808186871,103.80985736845511
20,47641,origin,Blk 681A,1.43923143369845,103.80372860775078
1490,47649,origin,Opp Blk 681B,1.43909453192901,103.8036760000029
158,47651,origin,Blk 684B,1.4416971090803,103.80525516994503
2642,47659,origin,Blk 685A,1.44146349893337,103.80545909188204
188,47661,origin,Blk 788E,1.44445189092675,103.80275437815418
2706,47671,origin,Opp Admiralty Sec Sch,1.44634317378069,103.80365132611001
2109,47681,origin,Woodsvale Condo,1.44457845619804,103.80448623998072
31,47711,origin,JB Sentral Bus Ter,1.46345834112565,103.76442341207213
2436,47809,origin,Opp Sunshine Bakery,1.46379183832972,103.813587498325
4422,47819,origin,Opp W'Lands Sunny Food,1.4625580134543,103.81005089658552
2774,47829,origin,Sumitomo Bakelite S'pore,1.46054631909982,103.80617388921056
95,49011,origin,Opp Kim Hock Corp Pte Ltd,1.41051803168987,103.75228251770571
158,49021,origin,WHYE WAH DEVT & CONSTRN,1.41337474993907,103.75177016684295
233,49031,origin,Opp Crown Alliance Industries,1.41631604671773,103.75124374338
208,49041,origin,DHdeco Pte Ltd,1.41926629646719,103.75071744712069
519,49051,origin,Aft Sg Kadut Eating Hse,1.42276696289419,103.75010170518756
145,49061,origin,Poh Cheong Concrete Products,1.42612604353693,103.74894489726996
191,49071,origin,Opp Wason Wood Ind,1.42920936914454,103.74707415989546
33,49081,origin,Aft Kranji Cres,1.43392569720193,103.74846964367356
64,49099,origin,AFT KRANJI WATER RECLAMATION PLANT,1.42763,103.7566
41,49109,origin,Kranji Wtr Reclam Plt,1.42885154471804,103.75622617449282
576,49119,origin,Blk 2,1.43218727065725,103.75568435534463
535,49129,origin,Lip Guan Ind,1.43487511854102,103.75521112659418
29,49139,origin,Bef Sg Kadut Way,1.40797195308481,103.7535208650928
121,49141,origin,Ctrl Granite Ind,1.4383065782824,103.74365393048626
31,49149,origin,Bef Fishing Ground A,1.43841910254735,103.74316251360837
775,49151,origin,Daiya Engrg,1.43666749998525,103.74684027798631
10,49159,origin,Econ Group,1.43707187354398,103.74581261172025
36,49169,origin,Tong Seng Concrete Ltd,1.4356326647634,103.74855065686643
313,49171,origin,OPP SHINGDA CONSTRN,1.43471927034855,103.75086631663139
237,49181,origin,Dapolite Ind,1.43689816677634,103.75406639623813
280,49199,origin,Kranji Reservoir Pk B,1.4383674275063,103.73578447263064
1,51091,origin,Opp Catholic JC,1.32648060854916,103.83401870730577
193,51099,origin,Catholic JC,1.325881667006,103.8345342161876
1,51101,origin,Old Police Academy,1.32753637537789,103.83724817699014
1,52071,origin,Trellis Twrs,1.32991416932901,103.84381843224321
684,52079,origin,Opp Trellis Twrs,1.32931477158443,103.84382885735747
4,52081,origin,Aft Blk 195,1.33081389290944,103.8608407974236
442,52089,origin,Opp Blk 195,1.32991690265608,103.86027368842302
1035,54009,origin,Ang Mo Kio Int,1.36968769913339,103.84856716193268
32,54069,origin,Opp Blk 244,1.36691997150676,103.83405562626137
111,54219,origin,OPP MAYFLOWER SEC SCH,1.36880777071199,103.83679395921905
36,54229,origin,Ang Mo Kio Pr Sch,1.36960577947339,103.83993274827546
55,54239,origin,Blk 209,1.369186093503,103.84332015576305
62,54247,origin,Blk 322,1.36873836498602,103.84719306132868
1,55281,origin,Aft SLE,1.39813695687252,103.82881324249821
64,56021,origin,Opp S'wang Hill FC,1.37242858974896,103.82842917358784
25,56031,origin,Bef Yio Chu Kang Rd,1.37695666700099,103.82822527799023
17,56041,origin,Opp Meadows @ Peirce,1.37916166696569,103.8275777780206
107,56051,origin,Opp Tagore Rd,1.38249472962714,103.82576395474278
16,56061,origin,Aft Tagore Dr,1.38514751918468,103.82287451682392
1,56071,origin,Bef Old Upp Thomson Rd,1.38717744383548,103.81964816646843
2,56081,origin,Bef SLE,1.39169796746844,103.81821308362592
42,56091,origin,Bef Springleaf Rd,1.39634526567884,103.81841168654944
22,56269,origin,BEF Ang mo kio avenue 2,1.36741835425889,103.83233403239235
53,57011,origin,Opp Springleaf Nature Pk,1.40015725353057,103.81717214668784
83,57021,origin,Forest Hills Condo,1.40414074099185,103.81834244198308
35,57031,origin,Nee Soon Driclad Ctr,1.40705411971506,103.82012256385369
5,57041,origin,Nee Soon HQ 22 SIB,1.41069268256433,103.82192312004506
23,57051,origin,Aft Sembawang Air Base,1.41527125453225,103.82337367876173
21,57061,origin,Dieppe Barracks,1.41996142296204,103.82452638790889
66,57071,origin,Opp Khatib Camp,1.42501608069549,103.82550580503441
2014,57111,origin,Opp Blk 101,1.43123622644607,103.82654938929034
3,57119,origin,Blk 101,1.43130257113028,103.82688773076856
788,57121,origin,Opp Blk 115B,1.43345083292583,103.82631132424072
117,57131,origin,Opp Jln Kemuning,1.43808413802489,103.82529753316932
1104,58011,origin,Opp Sembawang Shop Ctr,1.44135611418225,103.82418746836298
121,58021,origin,Bef Canberra Rd,1.44324136994568,103.82367863032862
97,58041,origin,Blk 590C,1.44939346470038,103.8268558037182
247,58051,origin,Blk 592C,1.45087972197488,103.82843083296738
76,58061,origin,Aft Durban Rd,1.45296423052616,103.83110625286093
146,58101,origin,Blk 311,1.44667277800811,103.82282277802054
41,58111,origin,Blk 351 CP,1.45096272310028,103.82075231895968
82,58121,origin,Blk 424A CP,1.45329115486737,103.81929476185202
43,58131,origin,Aft Assyafaah Mque,1.4562533329966,103.82045999997707
809,58149,origin,Opp Sembawang Shipyard G 8,1.46190359169667,103.81788921693168
33,58151,origin,Bef Sembawang Stn,1.44835904274406,103.82201343608213
361,58169,origin,Aft HomeTeamNS Sembawang Resort,1.45978696349073,103.82092447388442
468,58179,origin,Opp Sembawang Corp Industries,1.45855645310428,103.82350997035716
33,58189,origin,Opp Sembawang Drug Rehab Ctr,1.45915444426655,103.82601182603965
333,58199,origin,OPP AUCKLAND ROAD WEST,1.4590501574168,103.82788431875926
92,58209,origin,Aft Pakistan Rd,1.45524083298775,103.83062638903208
447,58211,origin,Sembawang Stn,1.44926202582359,103.81979401898032
8,58219,origin,Opp Sembawang Stn,1.44953463697186,103.8199297231716
328,58221,origin,Blk 339 CP,1.44859264769928,103.81706577986397
451,58251,origin,Sun Plaza,1.44803148822713,103.81895207486829
48,58259,origin,Opp Sun Plaza,1.44777267175187,103.81895151565973
194,58261,origin,VISIONAIRE,1.44710213838584,103.82726305553976
28,58271,origin,Blk 335,1.44702783502401,103.81470654183288
869,58279,origin,Opp Blk 336A CP,1.44658462255674,103.81456918653721
12,58281,origin,Sembawang Sec Sch,1.4450136750226,103.8162666133863
543,58289,origin,Opp Sembawang Sec Sch,1.44485960840447,103.81627162679553
242,58291,origin,Blk 317,1.44579319988216,103.8199449173096
11,58299,origin,Blk 328,1.44582915331137,103.81968463382916
1534,58309,origin,Opp 3M Bldg,1.44466063592056,103.81036650514453
64,58311,origin,Blk 354 CP,1.4501979542693,103.81810459422103
23,58319,origin,Blk 357C,1.44976933938251,103.81802192152004
674,58341,origin,Blk 405,1.45267992935187,103.81687772159036
67,58349,origin,Blk 478,1.45273139537549,103.81642343207659
782,58351,origin,Blk 483,1.45593548683251,103.81491062256012
224,58359,origin,Opp Blk 484A CP,1.45619440004203,103.81465411421149
229,58361,origin,Nth Link Bldg,1.46118688481447,103.81270708997143
319,58369,origin,BEF ACACIA HME,1.46077451756536,103.81206144667213
15,58371,origin,Bet Blks 325/326,1.44449009584233,103.8190895319006
614,58379,origin,Opp Blk 325,1.44428574142951,103.81900511225648
3,58381,origin,Blk 469B,1.44797049342873,103.81337787352544
996,58389,origin,Opp Blk 469B,1.44773992017207,103.8135666814871
162,58439,origin,Innova JC,1.42857896419364,103.78833922258168
624,58449,origin,S'pore Sports Sch,1.4270920469684,103.78906720963263
23,58451,origin,Aft Heavy Veh Pk,1.46002660309429,103.81537241523831
3,58459,origin,Bef Heavy Veh Pk,1.45994030687762,103.81514063371951
711,58461,origin,Innova Pr Sch,1.42965591818928,103.79044555841314
46,58479,origin,Aft Innova Pr Sch,1.4283363281994,103.78977121023533
645,59009,origin,Yishun Temp Int,1.42997370944851,103.83743448975132
7,59011,origin,Bef Sg Seletar Bridge,1.40205059877403,103.82737908252
9,59021,origin,Bef Yishun Ave 1,1.40922833847299,103.82908330455543
233,59031,origin,Opp Yishun Sports Hall,1.41277747172151,103.83083958669692
595,59041,origin,Bef Khatib Stn,1.41625420109094,103.832591612732
501,59051,origin,Blk 790,1.41968270185637,103.83429674432547
443,59061,origin,Blk 763,1.42556399229911,103.83495820649408
8,59073,origin,Opp Yishun Stn,1.42868146490253,103.83546942999693
2127,59079,origin,Yishun Stn,1.42926606883551,103.83516195358482
333,59091,origin,Blk 154,1.43165245434506,103.83510814544051
4172,59111,origin,Blk 701,1.43016395103424,103.82888452126694
1,59119,origin,Opp Blk 701A,1.43037444021889,103.82794865433573
580,59141,origin,Blk 741,1.43034383196416,103.83275541050214
663,59251,origin,Opp Darul Makmur Mque,1.43669132626001,103.83368337352286
2445,59261,origin,Blk 174,1.43755803458153,103.83159143616113
913,59271,origin,Blk 118,1.4362831713903,103.82855161345292
84,59331,origin,Blk 773,1.422973728077,103.83276716795122
257,59521,origin,Yishun Sapphire,1.44003661278482,103.83171080846517
10,59541,origin,Opp Khatib Camp,1.42363018656288,103.83018072233915
97,59551,origin,Blk 722,1.42539008150192,103.82822466548578
707,59611,origin,Opp Yishun Community Hosp,1.42362582861812,103.83666744952643
1,59619,origin,Yishun Community Hosp,1.42335199999945,103.83687299997104
9,60019,origin,BENDEMEER STN EXIT B,1.31479811892165,103.86413644350252
16,60051,origin,Opp Kallang Pl,1.3141464005633,103.86571468040536
3,60061,origin,Aft Infineon,1.32276521075674,103.87402134422791
994,60069,origin,Kallang Basin Swim Cplx,1.32335935195255,103.87256741522513
4,60071,origin,Kolam Ayer Ind Est,1.32719924782732,103.87028217319148
401,60079,origin,MOM Svcs Ctr,1.32685601711017,103.86950969695144
1090,60089,origin,Opp St. Andrew'S Village,1.32865054961465,103.86615967295366
3370,64009,origin,Hougang Ctrl Int,1.37060695394614,103.89266808874676
787,64349,origin,Blk 502,1.37291834719604,103.88673982857989
493,64359,origin,Montfort Sch,1.37528677811119,103.88918760776436
712,64369,origin,Blk 532,1.37634448413795,103.89149353867691
432,64379,origin,Punggol CC,1.37468500843171,103.89266306129461
488,64389,origin,Blk 522,1.37313809346006,103.89156818388481
1502,64411,origin,Blk 670,1.37353273194871,103.88503406200056
3234,64469,origin,Opp Blk 579,1.3795683329839,103.88576472203239
1456,64601,origin,Blk 919,1.37548640364406,103.8845866729986
1536,64611,origin,Blk 913,1.37837333826782,103.88445923003084
1232,64629,origin,Opp Blk 565,1.38153999996628,103.88805638900106
13165,65061,origin,Blk 298A,1.39490129020977,103.9018594759131
1,65069,origin,Blk 190C,1.39504382175966,103.90236824858533
14275,65191,origin,Bef Punggol Rd,1.39527356921611,103.90539999997036
3,65199,origin,Aft Punggol Rd,1.39591721161169,103.90542736761212
774,67009,origin,Sengkang Int,1.39178060381601,103.89588499436073
3232,67101,origin,Blk 250A,1.39143144034973,103.89956953538392
17,67181,origin,Blk 240,1.39101786005668,103.89778017996501
56,67189,origin,Opp Blk 241,1.39059955869523,103.89742612835978
2,67241,origin,Blk 248A,1.39299612191324,103.89844142173672
54,67249,origin,Blk 259C,1.39376571527248,103.89850423466406
7,67251,origin,Compassvale Stn Exit A,1.39442862205324,103.9003121852631
63,67259,origin,Compassvale Stn Exit B,1.39465386086721,103.90046238900585
2452,67279,origin,Blk 301D,1.38809305404187,103.89167879073923
17019,67401,origin,Opp Sengkang Stn/Blk 260A,1.39290842289238,103.89531738456282
4128,67449,origin,Blk 323B,1.39203289077574,103.89307115004729
641,67459,origin,Aft Buangkok Dr,1.38288638899819,103.88911083301012
944,67469,origin,Bef Sengkang East Ave,1.38533638989648,103.8907421565758
2,68111,origin,Bef Seletar Camp G,1.40222194447692,103.87138805557646
4637,68119,origin,Aft Seletar Camp G,1.40231306085319,103.87194871751426
2663,75009,origin,Tampines Int,1.35407552367477,103.94339098473914
2507,75051,origin,TAMPINES WEST STN EXIT B,1.34503394154132,103.94008153173421
91,75061,origin,Opp Bedok Reform Trg Ctr,1.34071391760745,103.93646836281481
1298,75271,origin,Blk 721,1.36024833439953,103.93601495043112
1574,75281,origin,Blk 742A,1.36022789260467,103.93363809095122
1462,75291,origin,Aft Tampines Ave 9,1.36149182194897,103.93076720725303
1878,75311,origin,Tampines Dormitory,1.36707803417357,103.93078207971784
798,75341,origin,Opp The Clearwater Condo,1.33832204097015,103.933861255669
6384,75351,origin,Bef TPE,1.37364163782281,103.93077504301999
1247,75361,origin,Bef Tampines Ind Ave 5,1.3706441545828,103.93030234430374
2345,76061,origin,Blk 938,1.3482019444416,103.94189805552267
2842,76131,origin,UOB Tampines Ctr,1.35184112001279,103.94254133694142
6103,76141,origin,Tampines Stn/Int,1.35366689109025,103.94609060451609
8672,76199,origin,BLK 503,1.35660016333768,103.94535428432116
47,76519,origin,BET BLKS 524B/523D,1.35920624506603,103.93921870101352
75,76529,origin,BLK 519A,1.357528889,103.9405089
382,76541,origin,Citylife@ Tampines,1.36023180021367,103.94053134805151
20,76549,origin,Opp Citylife@ Tampines,1.3604278704904,103.94061354425413
40,80009,origin,Lor 1 Geylang Ter,1.3111642220841,103.87216341433337
79,80101,origin,Kallang Stn/Opp Blk 2C,1.31251933500742,103.87153830811837
1688,83101,origin,Eunos Stn,1.32066709057479,103.90489836683336
15,83109,origin,Opp Eunos Stn,1.32135678897249,103.90537221650075
555,83111,origin,Blk 17,1.32346854012914,103.90527311322877
23,83119,origin,Opp Blk 16,1.32306974700238,103.90560762847845
463,83291,origin,Aft Joo Chiat Pl,1.31473309387158,103.90589521764187
8,83299,origin,Aft Lor G Telok Kurau,1.31574389673514,103.90586328314893
283,83301,origin,Aft East Coast Rd,1.30887166700305,103.90817888897894
8,83309,origin,Aft Still Lane,1.31045482788745,103.90806851700533
125,83311,origin,Aft Lor Nangka,1.31241970275404,103.90692990251455
3,83319,origin,Aft Lor J Telok Kurau,1.31268833645873,103.90714010649674
5631,84009,origin,Bedok Int,1.32453874317344,103.92903818515839
422,84201,origin,BEDOK RESVR STN EXIT A,1.33660054449421,103.93309401156243
712,84211,origin,Blk 403,1.33004744658174,103.93443969781201
749,84359,origin,Opp Bedok Ctrl PO,1.32787704925987,103.934076210002
1319,84521,origin,Blk 506,1.33230500002897,103.93393805556471
707,92041,origin,Opp Parkway Parade,1.30327282994495,103.90583013375219
643,92049,origin,Parkway Parade,1.30300441466613,103.9059569060291
86,92051,origin,Opp Blk 72,1.30461834682389,103.90783296450577
205,92059,origin,Bet Blks 72/74,1.30425139809964,103.90773354554798
341,92271,origin,Opp D'Ecosia,1.30610999016148,103.90952850508972
10,92279,origin,D'Ecosia,1.30633786714639,103.90964863731638
4,95011,origin,Bef Changi Airport PTB3,1.34719486317101,103.98406055558529
12,95019,origin,Aft Changi Airport PTB2,1.34794299896363,103.98488339642644
284,95029,origin,Changi Airport PTB1,1.36126748727797,103.99069984684058
853,95109,origin,Changi Airport PTB3,1.35650049529119,103.98635233782801
468,95129,origin,Changi Airport PTB2,1.35509298857124,103.9892195407387
9,95151,origin,Airport Police Stn,1.34209640049942,103.98181795541137
64,95159,origin,Near SATS Flight Kitchen,1.34191465289349,103.98225051798305
64,10017,destination,Aft Hosp Dr,1.27832046633393,103.83762574759974
95,10018,destination,Outram Pk Stn Exit F/SGH,1.27900819665099,103.83860360621959
12,10049,destination,OPP KAMPONG BAHRU TER,1.27623302424393,103.83483786772155
35,10059,destination,Opp Blk 149,1.27739664167497,103.83275178077875
82,10069,destination,Opp Blk 140,1.27855472196877,103.83008250001669
143,10079,destination,Blk 201,1.2803950142786,103.82708906887606
139,10089,destination,Blk 119,1.28292332245689,103.82165660905856
268,10099,destination,Opp Bt Merah Town Ctr,1.28420923932422,103.81765723225827
13,10109,destination,BT MERAH SEC SCH,1.28535315729277,103.81370529674271
72,10119,destination,Opp Pacific Tech Ctr,1.28598009010704,103.81122515087834
177,10139,destination,Blk 1,1.28635135443034,103.8081000223439
279,11019,destination,Pk Hotel Alexandra,1.28679632523156,103.80565677295323
96,11029,destination,Blk 166,1.29013472201419,103.80202111098815
8,11039,destination,Blk 19,1.29245762862665,103.79998683928974
20,11049,destination,Opp Blessed Sacrament Ch,1.2954609366563,103.79952549937242
99,11059,destination,Queenstown Polyclinic,1.29882892782979,103.80097389222824
20,11069,destination,Queensway Sec Sch,1.30236853162324,103.80161762237655
81,11079,destination,Opp Blk 95,1.305441389003,103.80185250000659
8,11089,destination,Opp Holland Hill Lodge,1.30946135492693,103.80334087354639
14,11099,destination,Opp Tulip Gdn,1.31305333300118,103.80437666697586
53,11109,destination,Spanish Village,1.31552472199926,103.80574305602846
66,11119,destination,Farrer Rd Stn Exit A,1.31747833490912,103.80785606728587
1561,14009,destination,HarbourFront Int,1.26703502614245,103.81901469907409
150,14139,destination,Bef Seah Im Rd,1.2686352773503,103.81546952380809
44,14159,destination,Bef Chr Community Chapel,1.26994046445496,103.81315419081787
117,14169,destination,Opp Telok Blangah Stn,1.27118550385957,103.80941810434497
15,14179,destination,Yeo's Bldg,1.27188454577735,103.80630000533797
10,14189,destination,Aft Alexandra Rd,1.27269303340787,103.80398363214624
180,15049,destination,Bef PSA Bldg,1.274590541032,103.80216344738955
172,15059,destination,Opp Alexandra Pt,1.27686194443878,103.80270111113056
85,16099,destination,SIT Dover,1.30061249997689,103.77815138886747
35,17051,destination,Opp Regent Pk,1.31726409983754,103.76240145648879
94,17129,destination,Aft NUS High Sch,1.30514136653386,103.76985839745124
28,17139,destination,Aft Clementi Swim Cplx,1.30903304650021,103.7658699915105
30,17149,destination,Blk 426,1.31171515103681,103.76346179699715
79,18019,destination,Bef Telok Blangah Hill Pk,1.28091055556275,103.80252305556165
83,18049,destination,Opp Normanton Pk,1.29018147748939,103.79208093037771
180,18079,destination,Opp NUH,1.2964817739742,103.78455389999202
41,18109,destination,Opp PSB Science Pk Bldg,1.29403436577434,103.78672599789039
78,20019,destination,Blk 431,1.31357611099308,103.7615108330155
1,20061,destination,Aft Jurong Town Hall Rd,1.32380614051658,103.74298566424717
2,20081,destination,Carrier S'pore,1.32660472912447,103.73879228035435
119,20109,destination,Blk 203,1.32085220079341,103.76206999856427
4,21011,destination,Aft Jurong Lake,1.32534328766029,103.72866849877529
1,21021,destination,Bef Jurong Port Rd,1.32419322170223,103.72379008890384
30,21171,destination,OPP CORP PL,1.3258163890121,103.71906611098208
12,21181,destination,Opp Blk 161,1.3302374752438,103.72100725398151
45,21191,destination,Jurong Stadium,1.33290982216515,103.72044541450344
13,21201,destination,Sime Rengo Packaging Ltd,1.33683396424463,103.71778639139953
8,21211,destination,Opp Lakepoint Condo,1.34004972199531,103.71606833298439
23,21271,destination,Opp Assyakirin Mque,1.33465896770641,103.71947315443572
55,21681,destination,Opp Blk 200,1.34228732259066,103.71466298692037
30,21691,destination,OPP SUMMERDALE,1.34107859811695,103.71138811111824
641,22009,destination,Boon Lay Int,1.33932334709184,103.70545701843297
39,22491,destination,Blk 662D,1.33721274298352,103.70478201670083
8,28019,destination,Aft Toh Tuck Ave,1.32492720506757,103.75894333173954
125,28091,destination,Lakeside Stn,1.34425795644531,103.72012487725401
56,28109,destination,SMRT Ulu Pandan Depot,1.33327344230787,103.7593317971408
48,28189,destination,Aft Toh Tuck Link,1.32992124735954,103.75850603827898
298,28201,destination,Opp The JTC Summit,1.33205706208933,103.7418504873348
4,28239,destination,Opp Jurong Town Hall,1.32980442518564,103.74307145172916
43,28249,destination,Jurong East Lib,1.33212287290362,103.73979174224014
13,28259,destination,Opp S'pore Science Ctr,1.33415472196842,103.73698833298555
11,28279,destination,Blk 114,1.33948295480474,103.73423653369264
11,28289,destination,Blk 228,1.34238972202327,103.73598888901057
23,28299,destination,Blk 253,1.34438323067917,103.73667027224192
5,28309,destination,Intl Business Pk,1.32628627629778,103.74578490414557
159,28321,destination,Blk 239,1.34127166427214,103.74090313908255
209,28331,destination,Blk 229,1.34204392869092,103.73804926872124
13,28389,destination,Opp Blk 515,1.34646209983221,103.72147231551902
223,28399,destination,Blk 458,1.34974947213063,103.71964821094637
104,28451,destination,Parc Oasis,1.34394189080479,103.73465998158574
144,28461,destination,Blk 347,1.345332402809,103.73205383657178
209,28491,destination,Opp Jurong Polyclinic,1.34905596073619,103.7307863306416
139,28501,destination,Blk 490,1.34980328426271,103.72737769835274
381,28511,destination,Blk 463,1.35063596491215,103.7237236090261
103,28521,destination,Blk 457,1.35097548065061,103.72120042369096
175,28629,destination,Blk 266,1.34195331167525,103.74424995812674
1482,40019,destination,Little India Stn,1.30664404460339,103.84920416709382
19,40029,destination,Aft Makepeace Rd,1.31142305600915,103.84265999998345
57,40039,destination,Opp Newton FC,1.31230305602353,103.8407255559936
55,40049,destination,Opp Newton Stn Exit C,1.31402305600959,103.83884638900086
26,40059,destination,Chancery Ct,1.31662138896806,103.83634361100417
63,40069,destination,Anglo-Chinese Sch,1.31830398893217,103.83435129198834
33,40079,destination,SCGS PR,1.3197216415795,103.8299145659947
50,40089,destination,Opp Stevens Stn,1.32051115982554,103.82739799064892
31,40119,destination,Bef Goldhill Ave,1.31889734253426,103.83249521257974
376,40239,destination,Aft Tanglin CC,1.32255443038995,103.82620193736967
711,40279,destination,KK Women & Child Hosp,1.30981925741503,103.8460393043403
123,41049,destination,Opp Coronation Plaza,1.32469500003392,103.81026249997407
235,41069,destination,Opp Tan Kah Kee Stn,1.32652777798065,103.80758583296918
154,41079,destination,Natl JC,1.32940305598521,103.80304777797754
41,41089,destination,Aft Jln Naga Sari,1.33044921085796,103.79993319513187
18,41109,destination,Opp St. Margaret's Sec Sch,1.31944666701923,103.81052861101583
37,41119,destination,Opp Lutheran Twrs,1.32074221277671,103.81245374678939
275,42019,destination,Opp Sixth Ave Stn,1.33170368135595,103.79657033601987
339,42029,destination,Aft Swiss Club Rd,1.33325151466609,103.79206171859214
295,42039,destination,Opp The Nexus,1.33474752657285,103.7877986922408
50,42049,destination,Hua Guan Gdns,1.33580349277905,103.7846322701164
332,42059,destination,Opp King Albert Pk Stn,1.33679896138996,103.78180146215335
698,42089,destination,Opp Bt Timah Plaza,1.34007090936874,103.77941451542826
622,42109,destination,Opp Beauty World Ctr,1.343246111,103.7769164
246,42119,destination,Southaven II,1.34582513057916,103.77330275765884
233,42319,destination,Burgundy Hill,1.33915373900693,103.76043841269879
153,43009,destination,Bt Batok Int,1.34999354306126,103.75106190953444
217,43019,destination,Aft Bt Timah Fire Stn,1.348201944,103.7710775
74,43029,destination,Opp The Hillside,1.35218580086883,103.77000849173528
121,43049,destination,Opp Hume Pk Condo,1.3556996199834,103.76885141403912
166,43059,destination,The Rail Mall,1.359408611,103.7674364
383,43069,destination,HILLVIEW STN EXIT A,1.36296778241046,103.76768583722071
192,43089,destination,Aft Assumption Eng Sch,1.36705664197789,103.76608527288596
99,43099,destination,Assumption Pathway Sch,1.36872205121157,103.76498636840047
426,43109,destination,Cashew Stn,1.37043731031208,103.76391083181434
323,43119,destination,Bef Hazel Pk Terr,1.37337830995776,103.76300821940876
601,43161,destination,Blk 272,1.34883190699072,103.75766163401367
81,43171,destination,Blk 229,1.34859644473183,103.75460496382075
28,43181,destination,Keming Pr Sch,1.34648944401178,103.75681722199707
145,43189,destination,Blk 283,1.34694984968785,103.75681389918313
22,43191,destination,Blk 288C,1.34638492790435,103.75931336284916
7,43201,destination,Opp Autobacs,1.34694499998204,103.76464638897035
251,43239,destination,The Petals Condo,1.35308576389352,103.76002837789773
88,43249,destination,Hillview Apts,1.35565052307818,103.76204709426311
496,43259,destination,Opp Hillbrooks,1.35757277797812,103.76266305599302
355,43268,destination,Hillington Green Condo,1.36036935442362,103.76427530511685
531,43279,destination,Aft Hillview Stn,1.36203855984679,103.76591020179649
53,43341,destination,Princess E Pr Sch,1.34972199038423,103.74139303669513
83,43389,destination,Opp Blk 102,1.34760499094973,103.74834299093746
19,43401,destination,Bt Batok Polyclinic,1.35226498779767,103.74681637316733
136,43411,destination,Opp Blk 628,1.35176519952681,103.75019891787089
43,43419,destination,Blk 628,1.35155523613685,103.74998784769572
2,43453,destination,BEF PIE,1.3479,103.7385
2,43461,destination,Aft Bt Batok West Ave 5,1.35504665794029,103.74749372345552
106,43471,destination,Blk 306,1.35796999999619,103.74730694399486
171,43481,destination,Blk 315,1.35992912103835,103.74637905142735
738,43491,destination,Blk 331,1.36395398644152,103.74714799810218
518,43529,destination,Opp Bt Batok Driving Ctr,1.36769649857951,103.7502379581868
58,43531,destination,Blk 140,1.35154868659228,103.7437763360561
164,43579,destination,Bt Gombak Stn,1.35911715344895,103.75166771394562
175,43619,destination,Blk 289E,1.34406411828167,103.75861329619691
46,43629,destination,Yusof Ishak Sec Sch,1.34240810773422,103.75915813592935
3,43631,destination,Ppis Bt Batok,1.34785920936647,103.7685845905285
440,43641,destination,Opp HomeTeamNS,1.36530401539571,103.75026447996078
128,43699,destination,Blk 298,1.34475341160997,103.74628307427523
134,43701,destination,Blk 225,1.34847060052694,103.75201666213025
209,43831,destination,Blk 334,1.36512501870188,103.74788610102789
669,44009,destination,Choa Chu Kang Int,1.38586897797184,103.74578895932125
228,44019,destination,The Linear,1.37651095528157,103.7625299525816
1922,44029,destination,Bt Panjang Stn Exit A/Lrt,1.37863409952448,103.7621954983533
592,44049,destination,Opp Ten Mile Junction Stn,1.38103523807931,103.7608578414621
962,44059,destination,Blk 632 CP,1.38449631673384,103.75817595629141
853,44069,destination,Aft KJE Slip Rd,1.38592018696626,103.75717769160771
541,44139,destination,Opp Blk 26,1.37680960030968,103.75536565517723
818,44149,destination,Opp Phoenix Stn,1.37798495709362,103.75776732086608
617,44159,destination,Bt Batok Fire Stn,1.37401429037273,103.7525923087755
129,44169,destination,Bef Bt Batok West Ave 5,1.37047453510829,103.75017065253876
170,44201,destination,Aft Petir Stn,1.37732275970527,103.7672668951858
1746,44209,destination,Opp Petir Stn,1.37719530827914,103.76698269593902
69,44211,destination,Blk 127,1.37610015820197,103.76921822286211
1166,44219,destination,Bet Blks 139/140,1.37578333297826,103.769352222019
73,44221,destination,Opp Pending Stn,1.3762995851872,103.77099428887409
6756,44229,destination,Bef Pending Stn,1.37656055754166,103.771459794786
1535,44239,destination,Opp Zhenghua Pr Sch,1.37846111098819,103.76983083299403
2359,44249,destination,Blk 174,1.38049595009817,103.76649141308671
584,44251,destination,Blk 604,1.38030076722264,103.76231669235113
3427,44259,destination,Blk 183,1.38029564329691,103.76297124601712
217,44261,destination,Blk 270,1.3760822219899,103.774277778025
13780,44269,destination,Blk 223,1.37577833299245,103.77422500002575
615,44351,destination,Aft Chestnut Ave,1.36823452426378,103.77558853634072
123,44361,destination,Bef Dairy Farm Rd,1.36645894982356,103.77558768232717
552,44371,destination,Blk 219,1.37402225721945,103.77263963002856
778,44381,destination,Blk 202,1.37242134216992,103.77441361028244
54,44531,destination,Opp Choa Chu Kang Stn,1.38425405298158,103.74453624872069
3,44549,destination,Opp Northvale Condo,1.38748720575146,103.746189135824
2924,44731,destination,Opp Blk 180,1.37887883000016,103.76432732997739
443,44739,destination,Blk 180,1.37876549999936,103.76459849996492
109,44999,destination,Bef Yew Tee Flyover,1.391239722,103.7545111
77,45019,destination,Aft Yew Tee Flyover,1.38829923721056,103.75553944051408
99,45029,destination,Opp Heavy Veh Pk,1.39303959514259,103.75414864750223
187,45039,destination,Opp Yew Tee Ind Est,1.39585817355572,103.75427816224409
601,45049,destination,Opp Yew Tee Ind Est Blk 1,1.39773638898124,103.75499277801016
881,45059,destination,Opp Da Di Glass,1.40340952558706,103.75620896675814
4052,45069,destination,Aft Mandai Est,1.4069390779681,103.75626773948963
2127,45079,destination,Aft Mandai Rd,1.40959346067748,103.75588199006808
287,45099,destination,Aft Jln Bumbong,1.41341731294698,103.75591307485898
125,45109,destination,Bef Jln Bumbong,1.41785797439114,103.75478033541316
32,45119,destination,Kranji War Memorial,1.42181345656216,103.75597729351239
32,45129,destination,S'pore Turf Club,1.42382925070118,103.75863462427267
984,45139,destination,Kranji Stn,1.42525961270458,103.76178101875855
6,45141,destination,Aft W'Lands Rd,1.42484086207371,103.75684069951173
4,45151,destination,Opp Multistates Trading,1.40086873669287,103.75428556537604
4,45161,destination,Eurokars Ctr,1.40273722420741,103.75467349450044
4,45171,destination,Sri Arasakesari Sivan Tp,1.40600808717869,103.75535627770704
618,45329,destination,Opp Yew Tee Stn,1.39743803967229,103.7478650735721
288,45449,destination,Eng Hua Furniture Mfg Pte Ltd,1.43188298917832,103.74760838738165
757,46008,destination,W'Lands Temp Int,1.43773062645251,103.78672939877963
119,46011,destination,Bef W'Lands Ctr Rd,1.4385198561158,103.7742921156719
13,46029,destination,Aft W'Lands Ind Pk D St 2,1.42861423605127,103.76226643430736
1273,46039,destination,Opp Kranji Lodge 1,1.4330873187738,103.76200180616921
182,46049,destination,Globalfoundries,1.43689983237469,103.76460658875827
1680,46059,destination,Globalfoundries/Aft Bke,1.4387537800127,103.76656472079625
25570,46069,destination,W'Lands Train Checkpt,1.44288948418349,103.76933833799299
430,46071,destination,Blk 137,1.43864652268091,103.77679962439775
9,46079,destination,Opp Blk 137,1.43886731397133,103.77691747568024
932,46088,destination,Opp Blk 1A,1.44180914262822,103.77108660594439
213,46091,destination,Bef Bke,1.43960616363191,103.77010864564294
56980,46101,destination,W'Lands Checkpt,1.44460832436456,103.76774882217022
2911,46111,destination,Blk 23,1.44132222201705,103.77372416702165
3936,46119,destination,Marsiling CC,1.44101545973486,103.77252382232057
451,46121,destination,Opp Marsiling Lane Mkt/Fc,1.44387999997343,103.7764388889843
79,46131,destination,Aft Marsiling Lane,1.44627465890953,103.77703712251773
2439,46141,destination,Blk 32,1.44364959550382,103.77329520911692
24220,46149,destination,Blk 203,1.4436158329924,103.77379694403167
1588,46151,destination,Blk 212,1.44582725741537,103.77347243148317
28915,46159,destination,Blk 206,1.4456557748871,103.77343912801257
48,46161,destination,GES S'pore,1.44536006142756,103.77556464561282
4905,46169,destination,Si Ling Sec Sch,1.44535191044578,103.77526673254576
75,46171,destination,Opp Blk 19,1.44412876526641,103.77800011395242
24849,46179,destination,Blk 18,1.44401436320878,103.77787477069215
5335,46181,destination,Opp Blk 12,1.44015882292646,103.778867882596
4,46189,destination,Blk 12,1.44008271628617,103.77854042726402
2215,46199,destination,Blk 120,1.43955043252866,103.78065534399263
5591,46209,destination,Blk 2,1.44025242879024,103.77727510649777
143,46211,destination,Johor Bahru Checkpt,1.46491732433248,103.76547712149443
73,46219,destination,Johor Bahru Checkpt,1.4654268105665,103.76826657164715
5143,46221,destination,Innova JC,1.4309096816047,103.78759769642132
55,46241,destination,Opp Blk 15,1.44211845227565,103.77894354468205
21147,46249,destination,Blk 15,1.44211238924063,103.77874767257565
348,46251,destination,Riverside Sec Sch,1.4409223616912,103.78908630031805
4049,46261,destination,Blk 808,1.44256309213662,103.78694461350949
30084,46269,destination,Republic Poly,1.44217333334596,103.78588499999181
1283,46271,destination,Opp Blk 802,1.44040195107982,103.78588806965098
1802,46279,destination,Blk 803,1.44021958652464,103.78690125681027
8088,46281,destination,Blk 825,1.43878695707764,103.79002589502426
63,46289,destination,Blk 891C CP,1.43872239825648,103.79091198323174
1016,46291,destination,Blk 106,1.4364014799639,103.78248384607947
5450,46301,destination,Progen Bldg,1.44274264517274,103.78280019667034
47,46309,destination,Opp Progen Bldg,1.44317008649619,103.78254975765708
5413,46311,destination,Blk 18,1.44234108679072,103.78051008341868
49,46319,destination,Opp Blk 18,1.44229032785462,103.7802984405171
5,46321,destination,W'Lands Civic Ctr,1.43457763941924,103.78655642033898
5806,46331,destination,Blk 511,1.43314769562187,103.78816378743082
29,46339,destination,Blk 370,1.43352632033198,103.78798319246935
14,46341,destination,Rosewood,1.43172193690625,103.78630311506315
11,46351,destination,WOODHAVEN,1.43084888887005,103.78373500001297
11,46361,destination,Blk 425,1.4274660260627,103.773787554639
1,46369,destination,Blk 413,1.42760121342773,103.77315906940312
7,46371,destination,Blk 406,1.42917208793815,103.77253170053454
3197,46381,destination,Opp W'Lands Ind Pk D St 1,1.42907427878851,103.76676266569542
14483,46391,destination,Blk 853,1.43921765358175,103.79299454006805
77,46399,destination,Aft 888 Plaza,1.43896035246776,103.79423705109248
4718,46401,destination,Blk 864,1.44088595099083,103.79545806673289
16820,46411,destination,Blk 869,1.44270591766599,103.79441916127091
330,46419,destination,Evergreen Pr Sch,1.44356110989447,103.79409801518702
13768,46421,destination,Evergreen Sec Sch,1.44087032562722,103.79353779670151
67,46429,destination,Blk 856,1.44071444400658,103.7931500000338
24844,46431,destination,Blk 840,1.44397726846722,103.79225565189952
267,46439,destination,Blk 880,1.44413536712492,103.79265007190847
19185,46441,destination,Blk 816,1.44219465826527,103.78973710977665
453,46449,destination,Blk 875,1.44235503567241,103.79003727703439
4807,46451,destination,Opp Blk 872,1.44454396366237,103.78920988459528
11648,46461,destination,Opp Blk 757A CP,1.44659598354815,103.79359661898341
2,46469,destination,Blk 759,1.44668865905093,103.79491852510797
12379,46471,destination,Opp Blk 773,1.44796931841747,103.79758820990358
73,46479,destination,Blk 774,1.44796869795143,103.79840963198184
7056,46481,destination,Aft Woodlands Ind Pk E6,1.44964404178885,103.8011125258027
117,46489,destination,Aft Gambas Ave,1.44952095631928,103.80160651744906
743,46491,destination,Blk 402,1.43188974761143,103.77200799456398
7,46499,destination,Opp Blk 402,1.4322913388299,103.77219638823969
13,46501,destination,Opp Marsiling Pk,1.43796940271606,103.77118912980488
2508,46509,destination,Marsiling Pk,1.43804390195153,103.7709643228368
371,46519,destination,Opp Blk 144,1.43554811627266,103.77213801008084
2,46521,destination,Marsiling Stn,1.43237833345523,103.77429333367095
12494,46529,destination,Opp Marsiling Stn,1.43208152770031,103.77459689006626
12378,46539,destination,Blk 320,1.43209962904173,103.77822365534921
13302,46549,destination,Blk 347,1.43319818915334,103.7812567265195
47,46559,destination,Opp Blk 101,1.43550165535928,103.78127722609429
80,46569,destination,Blk 178,1.43472154667119,103.77745880948639
7,46571,destination,Opp Blk 154,1.43475417848392,103.7758535357882
56,46579,destination,Blk 154,1.43488583298053,103.77552249997427
63,46581,destination,Opp Blk 146,1.4364411890996,103.77379636706418
31,46589,destination,Blk 146,1.43632306005208,103.7741086340661
8,46619,destination,Opp Fuchun Sec Sch,1.42907407993851,103.77775112537243
1,46621,destination,Blk 335,1.42955535916481,103.78064562823636
25,46629,destination,The Woodgrove,1.42946092866646,103.7808172850331
3114,46631,destination,Blk 892C CP,1.43689297551872,103.78915264291737
19,46639,destination,Opp Blk 892C CP,1.43702205360453,103.78884919678751
8318,46641,destination,Blk 894C,1.43537882843176,103.79002659369449
59,46649,destination,Blk 515,1.43513571565336,103.79042134084122
29480,46651,destination,Blk 550,1.43298096854241,103.79455264522785
1023,46659,destination,Opp Blk 550,1.43269272771322,103.79414300304941
8229,46661,destination,Opp Blk 896B,1.43759221925392,103.79228928579461
21,46669,destination,W'Lands Pr Sch,1.43740934044808,103.79182446445486
12015,46671,destination,Bef 888 Plaza,1.43689166982219,103.7946223426922
68,46679,destination,Opp 888 Plaza,1.43677694401385,103.7948505560336
148,46681,destination,Blk 899A,1.4357329097814,103.79577696652271
10083,46689,destination,Blk 609,1.43587054546915,103.79601265965388
12441,46691,destination,Opp 888 Plaza,1.43823132518893,103.79587886684328
74,46699,destination,888 Plaza,1.43769989889611,103.79566316043969
5118,46709,destination,Aft Blk 1,1.44144739085946,103.77554719559573
10932,46711,destination,Bef Admiralty Rd West,1.45470160187201,103.80084970775462
2686,46721,destination,Bef W'Lands Ind Pk E7,1.45248916519346,103.80178758846797
901,46731,destination,Yew Huat Scaffolding Work,1.44852127932275,103.8043021981092
1,46739,destination,BLK 782,1.44847350274561,103.80400338022199
1168,46741,destination,Seagate,1.44632701434368,103.80719269495765
2,46749,destination,Opp Seagate,1.44598746959694,103.80719081852185
8731,46761,destination,Blk 706,1.43964444400977,103.79740027801978
49,46769,destination,Blk 666,1.43935103379454,103.79735798460473
5509,46771,destination,Opp Admiralty Stn,1.44088808355944,103.80018670656507
1187,46779,destination,Admiralty Stn,1.44071357576488,103.80070754495145
2679,46781,destination,Bef Admiralty Pr Sch,1.44267569107428,103.80124424937155
149,46789,destination,Opp Admiralty Pr Sch,1.44351138898079,103.80106305603081
14183,46791,destination,Blk 722,1.44569499940057,103.79963351229267
963,46799,destination,Blk 786A CP,1.44586617373151,103.79970850070715
6218,46801,destination,Aft W'Lands Mart,1.44651205748064,103.79756626316295
67,46809,destination,Opp W'Lands Mart,1.44649662319346,103.79808713932866
4100,46811,destination,Blk 726,1.44379237320988,103.79931523209541
3232,46821,destination,Blk 713,1.44215561041047,103.79755539404626
5975,46831,destination,Blk 747A CP,1.44364527797106,103.7956269439894
5671,46841,destination,Opp Blk 739A CP,1.44498571659794,103.79690162812369
6886,46851,destination,Blk 664,1.43612666735899,103.79761267660548
41,46859,destination,Blk 608A,1.4362025834102,103.79739593537928
5668,46861,destination,Opp Blk 624B,1.43515578551993,103.79998340500156
177,46869,destination,Blk 628A,1.43507671767646,103.80054550817393
3251,46871,destination,Blk 644,1.43679116597713,103.80176512304321
90,46879,destination,Blk 637,1.43706616822564,103.80215927133399
6642,46881,destination,Old Chang Kee Bldg,1.44983018145906,103.80523207218322
1282,46891,destination,Jordon Food Ind,1.44823908984273,103.80703539255815
2009,46901,destination,Blk 15,1.4479841829065,103.80951476110357
3793,46911,destination,Opp Blk 20,1.45068968281344,103.81027103832493
6848,46921,destination,Opp Blk 22,1.4533158942724,103.81089004960499
2792,46931,destination,Opp W'Lands Spectrum 1,1.45305389773625,103.80789928421208
796,46941,destination,Opp Nylect Engrg,1.45167306508663,103.80547695607456
7119,46951,destination,Blk 536A,1.43143692171434,103.79133300087983
9927,46969,destination,Blk 532,1.43059181782407,103.79269972105995
28837,46971,destination,Woodgrove Pr Sch,1.43187555599274,103.79034249996818
884,46979,destination,Opp Blk 507,1.43130555598072,103.79065444401148
28874,46981,destination,Blk 541,1.42810336959513,103.792511107377
132,46989,destination,Opp Blk 540,1.42802334589801,103.79221259917931
3829,46999,destination,Opp Blk 589,1.42742826147903,103.79600329149085
819,47011,destination,Bef W'Lands Waterfront Pk,1.45076766255392,103.77863124035153
144,47021,destination,Khalsa Crescent Drug Rehab Ctr,1.4511345744486,103.78327492635378
1016,47031,destination,Bef Keramat Rd,1.45176361051626,103.78814404102567
3223,47041,destination,Opp W'Lands Auto Hub,1.4525686110144,103.79164305597227
985,47051,destination,Aft W'Lands Ind Pk E4,1.45449749999994,103.79560277796767
795,47061,destination,Aft Attap Valley Rd,1.45605441023441,103.79808423496016
5240,47071,destination,Bef British American Tobacco,1.45761031985152,103.80214839695255
397,47081,destination,Aft Senoko Cres,1.46202336398517,103.80383405130847
226,47091,destination,Bef Senoko Cres,1.4645966256977,103.80602561139148
293,47101,destination,Aft Senoko Ave,1.46653722200693,103.8090658329841
290,47111,destination,Bef Senoko Way,1.46619184828781,103.81100178837575
23548,47501,destination,Opp Blk 583,1.43046208317462,103.79470229416464
12313,47511,destination,Blk 554,1.43190354583508,103.79644777764182
23370,47521,destination,Opp Blk 575,1.43165346145517,103.79813585749302
9400,47539,destination,Opp Woodgrove Sec Sch,1.42870555201688,103.79766275675345
2423,47541,destination,Blk 639,1.43789201937501,103.80334162830194
7,47549,destination,Opp Blk 639,1.4379048516895,103.80352352573782
10419,47551,destination,Blk 630,1.43472623786722,103.80188755233279
3,47559,destination,Opp Blk 630,1.43461254485308,103.80204564158956
9444,47561,destination,Blk 620,1.43320820124698,103.79885163626874
7,47569,destination,Opp Blk 620,1.43291945534759,103.7987803897484
8032,47571,destination,Blk 618,1.43349024051919,103.79639715585557
5,47579,destination,Blk 556,1.4333134741952,103.79597019770507
5186,47581,destination,Opp Blk 521,1.43464494959345,103.79352674536875
1,47589,destination,Blk 519A CP,1.43479106906247,103.79254444311259
796,47591,destination,Blk 680,1.43973872693624,103.8025081158021
1474,47599,destination,Blk 683A,1.4399264222862,103.80263149734922
2023,47601,destination,Blk 793,1.44211880036977,103.80304911976373
44,47609,destination,Opp Blk 793,1.44184941782685,103.80309468577371
10345,47611,destination,Woodsvale Condo,1.44388706173517,103.80622284389754
19,47619,destination,Opp Woodsvale Condo,1.44430697551185,103.80713784459924
787,47621,destination,Aft Gambas Ave,1.44689218119453,103.80982770058664
2798,47641,destination,Blk 681A,1.43923143369845,103.80372860775078
41,47649,destination,Opp Blk 681B,1.43909453192901,103.8036760000029
5956,47651,destination,Blk 684B,1.4416971090803,103.80525516994503
180,47659,destination,Blk 685A,1.44146349893337,103.80545909188204
994,47661,destination,Blk 788E,1.44445189092675,103.80275437815418
5104,47671,destination,Opp Admiralty Sec Sch,1.44634317378069,103.80365132611001
2744,47681,destination,Woodsvale Condo,1.44457845619804,103.80448623998072
2026,47711,destination,JB Sentral Bus Ter,1.46345834112565,103.76442341207213
2702,47801,destination,Sunshine Bakery,1.46417400978934,103.8129834777538
5644,47811,destination,W'Lands Sunny Food,1.46237692251291,103.80898707919847
4843,47821,destination,Opp Sumitomo Bakelite S'pore,1.46077717684188,103.80582927631109
275,49019,destination,Kim Hock Corp Pte Ltd,1.41054305509663,103.75244718246053
360,49029,destination,SIT LEY TIMBER,1.41359128228018,103.75189550271323
502,49039,destination,Asia Rattan Trading Co,1.41665386559511,103.75136638264014
355,49049,destination,Sim Hup Co,1.420040467845,103.75074630835057
995,49059,destination,Aft LCS Optiroc Pte Ltd,1.42318199210104,103.75019253254519
495,49069,destination,Tropical Furniture Ltd,1.4264399252605,103.74887339054357
502,49079,destination,Wason Wood Ind,1.42936840267626,103.74721764191128
62,49089,destination,Bef Kranji Cres,1.43387888896839,103.74860194398363
28,49091,destination,Opp Kranji Wtr Reclam Plt,1.42753888899762,103.75641027798767
112,49101,destination,Opp Ordinance Supply Base,1.43019265139167,103.75584633886155
1104,49111,destination,Aft Jln Lam Huat,1.43245972200669,103.75543333298812
560,49121,destination,Aft SMRT Buses Kranji Depot,1.43528737784327,103.75494271333446
102,49131,destination,Tan Chiang Bros Marble,1.40812181907283,103.75361193086513
6,49141,destination,Ctrl Granite Ind,1.4383065782824,103.74365393048626
76,49149,destination,Bef Fishing Ground A,1.43841910254735,103.74316251360837
6,49151,destination,Daiya Engrg,1.43666749998525,103.74684027798631
836,49159,destination,Econ Group,1.43707187354398,103.74581261172025
495,49169,destination,Tong Seng Concrete Ltd,1.4356326647634,103.74855065686643
629,49179,destination,Aft Kranji Cres,1.43467967585537,103.75053324827904
452,49189,destination,Aft Kranji Rd,1.43646977071566,103.753734543128
279,49199,destination,Kranji Reservoir Pk B,1.4383674275063,103.73578447263064
250,51091,destination,Opp Catholic JC,1.32648060854916,103.83401870730577
80,51101,destination,Old Police Academy,1.32753637537789,103.83724817699014
944,52071,destination,Trellis Twrs,1.32991416932901,103.84381843224321
6,52079,destination,Opp Trellis Twrs,1.32931477158443,103.84382885735747
831,52081,destination,Aft Blk 195,1.33081389290944,103.8608407974236
1,52089,destination,Opp Blk 195,1.32991690265608,103.86027368842302
564,54009,destination,Ang Mo Kio Int,1.36968769913339,103.84856716193268
45,54061,destination,Blk 244,1.36728801688172,103.83404076959498
162,54211,destination,MAYFLOWER SEC SCH,1.36861222198461,103.83634833298527
67,54221,destination,Opp Ang Mo Kio Pr Sch,1.36995608006054,103.83959341119167
72,54231,destination,Blk 129,1.36966012463918,103.84193909880943
161,54241,destination,Blk 700B,1.36913518643274,103.84618005827467
8,55281,destination,Aft SLE,1.39813695687252,103.82881324249821
7,56019,destination,Bef Ang Mo Kio Ave 1,1.36949553492338,103.82862910254734
41,56029,destination,Bef Sembawang Hill FC,1.37359500001635,103.82870000002058
21,56039,destination,Aft Yio Chu Kang Rd,1.37673055602474,103.82848388900504
16,56049,destination,Meadows @ Peirce,1.37945638898658,103.82768833298778
184,56059,destination,Bef Tagore Rd,1.38268805765919,103.82604547355085
16,56069,destination,Bef Tagore Dr,1.38530499508514,103.82320879865532
1,56079,destination,Aft Old Upp Thomson Rd,1.38756640996273,103.81959791299872
3,56089,destination,Aft SLE,1.39205091187219,103.81861107436661
54,56099,destination,Aft Springleaf Rd,1.39606817759915,103.8188299218487
43,56261,destination,AFT Ang mo kio avenue 2,1.36786219023986,103.83172738576756
40,57019,destination,Springleaf Nature Pk,1.40056260892652,103.81734465881833
48,57029,destination,Aft The Springside,1.40396290628178,103.81862261343507
26,57039,destination,SPIRITUAL GRACE PRESBY CH,1.40611750000192,103.8199872220186
1,57049,destination,Opp Nee Soon HQ 22 SIB,1.41082027802703,103.82233527798766
15,57059,destination,Opp Sembawang Air Base,1.41472777811863,103.82356549744377
8,57069,destination,Opp Dieppe Barracks,1.4189659270404,103.82460551333597
65,57079,destination,Khatib Camp,1.42443860227619,103.82566793061787
5125,57119,destination,Blk 101,1.43130257113028,103.82688773076856
3,57121,destination,Opp Blk 115B,1.43345083292583,103.82631132424072
2120,57129,destination,Blk 114,1.43418656873084,103.82641445936885
109,57139,destination,Aft Jln Kemuning,1.43795662145081,103.8255962797174
4,58011,destination,Opp Sembawang Shop Ctr,1.44135611418225,103.82418746836298
1403,58019,destination,Aft Sembawang Shop Ctr,1.44085108816637,103.82473001883042
273,58029,destination,Aft Canberra Rd,1.44315919415772,103.82398509211036
85,58049,destination,Opp Blk 590C,1.44919525191106,103.82703542333945
220,58059,destination,Opp Blk 592C,1.45079007708143,103.82866296034206
99,58069,destination,Opp Durban Rd,1.45271386343891,103.83118398014977
192,58109,destination,Opp Blk 311,1.44667607916689,103.82309298513003
99,58119,destination,Blk 502A,1.45099925490468,103.82102323159111
178,58129,destination,Blk 508 CP,1.45284216119403,103.8198821920911
36,58139,destination,Bef Assyafaah Mque,1.45637564424183,103.82074569870127
1548,58141,destination,Sembawang Camp,1.463365158306,103.81653183057891
49,58159,destination,Aft Admiral Hill,1.44821708737482,103.82235611868522
629,58161,destination,Bef Sembawang Shipyard G 3,1.46052755709037,103.82037350350512
722,58171,destination,Sembawang Corp Industries,1.45890580814381,103.82379883168399
194,58181,destination,Sembawang Drug Rehab Ctr,1.45964275024639,103.82625715308492
409,58191,destination,Aft Wellington Rd,1.45875202875202,103.82875514072087
108,58201,destination,Aft Queen'S Ave,1.45531234912714,103.83098996673239
4,58211,destination,Sembawang Stn,1.44926202582359,103.81979401898032
551,58219,destination,Opp Sembawang Stn,1.44953463697186,103.8199297231716
2,58221,destination,Blk 339 CP,1.44859264769928,103.81706577986397
696,58229,destination,Blk 358A CP,1.44875084068886,103.8168059210019
40,58251,destination,Sun Plaza,1.44803148822713,103.81895207486829
438,58259,destination,Opp Sun Plaza,1.44777267175187,103.81895151565973
194,58269,destination,OPP VISIONAIRE,1.44702361616489,103.82761997468876
989,58271,destination,Blk 335,1.44702783502401,103.81470654183288
8,58279,destination,Opp Blk 336A CP,1.44658462255674,103.81456918653721
539,58281,destination,Sembawang Sec Sch,1.4450136750226,103.8162666133863
10,58289,destination,Opp Sembawang Sec Sch,1.44485960840447,103.81627162679553
4,58291,destination,Blk 317,1.44579319988216,103.8199449173096
226,58299,destination,Blk 328,1.44582915331137,103.81968463382916
3178,58301,destination,3M Bldg,1.44485650594175,103.81055057568135
5,58311,destination,Blk 354 CP,1.4501979542693,103.81810459422103
143,58319,destination,Blk 357C,1.44976933938251,103.81802192152004
41,58341,destination,Blk 405,1.45267992935187,103.81687772159036
984,58349,destination,Blk 478,1.45273139537549,103.81642343207659
63,58351,destination,Blk 483,1.45593548683251,103.81491062256012
1611,58359,destination,Opp Blk 484A CP,1.45619440004203,103.81465411421149
247,58361,destination,Nth Link Bldg,1.46118688481447,103.81270708997143
352,58369,destination,BEF ACACIA HME,1.46077451756536,103.81206144667213
793,58371,destination,Bet Blks 325/326,1.44449009584233,103.8190895319006
35,58379,destination,Opp Blk 325,1.44428574142951,103.81900511225648
2132,58381,destination,Blk 469B,1.44797049342873,103.81337787352544
80,58439,destination,Innova JC,1.42857896419364,103.78833922258168
902,58449,destination,S'pore Sports Sch,1.4270920469684,103.78906720963263
16,58459,destination,Bef Heavy Veh Pk,1.45994030687762,103.81514063371951
1070,58461,destination,Innova Pr Sch,1.42965591818928,103.79044555841314
5,58479,destination,Aft Innova Pr Sch,1.4283363281994,103.78977121023533
376,59009,destination,Yishun Temp Int,1.42997370944851,103.83743448975132
6,59019,destination,Aft Sg Seletar Bridge,1.40217670308957,103.82763036053306
73,59029,destination,Aft Yishun Ave 1,1.40885843406387,103.82924769115782
1,59031,destination,Opp Yishun Sports Hall,1.41277747172151,103.83083958669692
149,59039,destination,Yishun Sports Hall,1.41342871609658,103.83156300557019
4,59041,destination,Bef Khatib Stn,1.41625420109094,103.832591612732
530,59049,destination,Opp Khatib Stn,1.41700998157675,103.83339984073773
1,59051,destination,Blk 790,1.41968270185637,103.83429674432547
716,59059,destination,Blk 608,1.42054602879781,103.83497942324875
227,59069,destination,Opp Blk 757,1.42657294826877,103.83536957259517
3020,59073,destination,Opp Yishun Stn,1.42868146490253,103.83546942999693
9,59079,destination,Yishun Stn,1.42926606883551,103.83516195358482
502,59099,destination,Blk 220,1.43272835490407,103.83522544787667
3,59111,destination,Blk 701,1.43016395103424,103.82888452126694
3057,59119,destination,Opp Blk 701A,1.43037444021889,103.82794865433573
811,59149,destination,Blk 145,1.43061861098729,103.83218000002928
39,59159,destination,Blk 151,1.43055466220788,103.8346706884974
804,59259,destination,Darul Makmur Mque,1.43716783426775,103.83379791523895
1,59261,destination,Blk 174,1.43755803458153,103.83159143616113
2362,59269,destination,Opp Blk 174,1.43774971409693,103.8312528105951
1178,59279,destination,Opp Ahmad Ibrahim Sec Sch,1.43670438744279,103.8288049642525
160,59339,destination,Blk 776,1.42273567302859,103.83378411194366
245,59529,destination,Opp Yishun Sapphire,1.44035052900307,103.8318142995419
9,59549,destination,Khatib Camp,1.42313912325939,103.83052605711299
178,59559,destination,Opp Blk 722,1.42511776424343,103.82821308909149
1,59611,destination,Opp Yishun Community Hosp,1.42362582861812,103.83666744952643
1011,59619,destination,Yishun Community Hosp,1.42335199999945,103.83687299997104
6,60011,destination,BENDEMEER STN EXIT A,1.31471795031338,103.86376795493321
2,60059,destination,Bef Kallang Pl,1.31434638899368,103.86586250001177
1131,60061,destination,Aft Infineon,1.32276521075674,103.87402134422791
1,60069,destination,Kallang Basin Swim Cplx,1.32335935195255,103.87256741522513
716,60071,destination,Kolam Ayer Ind Est,1.32719924782732,103.87028217319148
1,60079,destination,MOM Svcs Ctr,1.32685601711017,103.86950969695144
942,60081,destination,St. Andrew'S Village,1.32931226062177,103.8662910461625
6,60089,destination,Opp St. Andrew'S Village,1.32865054961465,103.86615967295366
1755,64009,destination,Hougang Ctrl Int,1.37060695394614,103.89266808874676
484,64341,destination,Bef Blk 683,1.3729130421635,103.88633750747994
407,64351,destination,Opp Montfort Sch,1.37481110511316,103.88808212175417
501,64361,destination,Blk 535,1.37634509209583,103.89054894445846
358,64371,destination,Opp Punggol CC,1.37447444021165,103.89289427356103
600,64381,destination,Opp Blk 521,1.37288245131287,103.89170384962591
1699,64419,destination,Blk 681,1.37339164793235,103.88521854859373
3191,64461,destination,Blk 579,1.37938472998807,103.88640309201648
1089,64609,destination,Blk 687,1.37595638900393,103.884701388976
1298,64619,destination,Opp Blk 913,1.37809338718149,103.88468027114665
1463,64621,destination,Blk 565,1.38133333296872,103.88821499999295
2250,65059,destination,St. Anne's Ch,1.39308440832899,103.90129355204087
2,65061,destination,Blk 298A,1.39490129020977,103.9018594759131
15663,65069,destination,Blk 190C,1.39504382175966,103.90236824858533
5,65191,destination,Bef Punggol Rd,1.39527356921611,103.90539999997036
17603,65199,destination,Aft Punggol Rd,1.39591721161169,103.90542736761212
848,67009,destination,Sengkang Int,1.39178060381601,103.89588499436073
3431,67109,destination,Blk 235,1.39102885574104,103.89998669813552
103,67181,destination,Blk 240,1.39101786005668,103.89778017996501
4,67189,destination,Opp Blk 241,1.39059955869523,103.89742612835978
50,67241,destination,Blk 248A,1.39299612191324,103.89844142173672
160,67251,destination,Compassvale Stn Exit A,1.39442862205324,103.9003121852631
1734,67271,destination,Blk 201 CP,1.38825138740075,103.89208955744495
20150,67409,destination,Sengkang Stn,1.3923391568303,103.89606816606354
4125,67441,destination,Sengkang Community Hub,1.3923095386042,103.8934666647416
660,67451,destination,Bef Buangkok Dr,1.383046111,103.88960583301704
784,67461,destination,Aft Sengkang East Ave,1.38575273465234,103.89121528705635
6946,68111,destination,Bef Seletar Camp G,1.40222194447692,103.87138805557646
1,68119,destination,Aft Seletar Camp G,1.40231306085319,103.87194871751426
3753,75009,destination,Tampines Int,1.35407552367477,103.94339098473914
2336,75059,destination,BEF TAMPINES WEST STN,1.34471168546511,103.9402168928283
337,75069,destination,Bedok Reform Trg Ctr,1.34066333296943,103.93669999999881
1348,75279,destination,Opp Blk 721,1.3604749400553,103.93620400344062
2196,75289,destination,Opp Blks 741/742,1.36045667202312,103.93331674675824
649,75299,destination,Bef Tampines Ave 9,1.36239101738996,103.93106617032824
2697,75319,destination,Opp Tampines Dormitory,1.36720805556001,103.93106194445039
873,75349,destination,The Clearwater Condo,1.33811824869625,103.9339578151498
9911,75359,destination,Aft TPE,1.37438650022455,103.93147946559002
1785,75369,destination,Opp HNS Micro Siltronic,1.37079630405212,103.93056528604264
2603,76069,destination,Blk 147,1.34875342114003,103.94208629087403
2643,76139,destination,Opp Century Sq,1.35162691843499,103.94385009279503
4570,76149,destination,Opp Tampines Stn/Int,1.35370728527221,103.94636710560508
14013,76191,destination,BLK 401,1.3569438864901,103.94477445426702
79,76511,destination,THE TAMPINES TRILLIANT,1.35940728864246,103.93942626783013
232,76521,destination,OPP BLK 519A,1.357468889,103.940775
54,76541,destination,Citylife@ Tampines,1.36023180021367,103.94053134805151
420,76549,destination,Opp Citylife@ Tampines,1.3604278704904,103.94061354425413
26,80009,destination,Lor 1 Geylang Ter,1.3111642220841,103.87216341433337
80,80109,destination,Opp Kallang Stn/Blk 2C,1.31324473748019,103.871430158598
39,83101,destination,Eunos Stn,1.32066709057479,103.90489836683336
1037,83109,destination,Opp Eunos Stn,1.32135678897249,103.90537221650075
3,83111,destination,Blk 17,1.32346854012914,103.90527311322877
1474,83119,destination,Opp Blk 16,1.32306974700238,103.90560762847845
8,83291,destination,Aft Joo Chiat Pl,1.31473309387158,103.90589521764187
576,83299,destination,Aft Lor G Telok Kurau,1.31574389673514,103.90586328314893
4,83301,destination,Aft East Coast Rd,1.30887166700305,103.90817888897894
278,83309,destination,Aft Still Lane,1.31045482788745,103.90806851700533
4,83311,destination,Aft Lor Nangka,1.31241970275404,103.90692990251455
135,83319,destination,Aft Lor J Telok Kurau,1.31268833645873,103.90714010649674
4427,84009,destination,Bedok Int,1.32453874317344,103.92903818515839
369,84209,destination,BEDOK RESVR STN EXIT B,1.33702513693776,103.93333589306084
806,84219,destination,Bet Blks 139/140,1.32940888887166,103.9348130555732
1039,84351,destination,Bedok Ctrl PO,1.32766562447954,103.93409675152876
1973,84529,destination,Blk 109,1.33213305553955,103.93431305555218
147,92041,destination,Opp Parkway Parade,1.30327282994495,103.90583013375219
1354,92049,destination,Parkway Parade,1.30300441466613,103.9059569060291
8,92051,destination,Opp Blk 72,1.30461834682389,103.90783296450577
288,92059,destination,Bet Blks 72/74,1.30425139809964,103.90773354554798
5,92271,destination,Opp D'Ecosia,1.30610999016148,103.90952850508972
492,92279,destination,D'Ecosia,1.30633786714639,103.90964863731638
50,95011,destination,Bef Changi Airport PTB3,1.34719486317101,103.98406055558529
29,95019,destination,Aft Changi Airport PTB2,1.34794299896363,103.98488339642644
799,95029,destination,Changi Airport PTB1,1.36126748727797,103.99069984684058
1910,95109,destination,Changi Airport PTB3,1.35650049529119,103.98635233782801
787,95129,destination,Changi Airport PTB2,1.35509298857124,103.9892195407387
340,95151,destination,Airport Police Stn,1.34209640049942,103.98181795541137
14,95159,destination,Near SATS Flight Kitchen,1.34191465289349,103.98225051798305
10000,46009,Bus Interchange,W'Lands Temp Int,1.43762790090815,103.7864999963898
