PATH,TOTAL_TRIPS,ORIGIN_PT_CODE,DESTINATION_PT_CODE
46101/46211,483302,46101,46211
46109/46219,300406,46219,46109
45139/46109,233941,46109,45139
46009/46069,160764,46069,46009
45139/46101,135547,45139,46101
46008/46069,119445,46008,46069
53231/53389,95824,53389,53231
46009/46101,88099,46009,46101
22009/27389,76061,27389,22009
63039/63059,75689,63059,63039
59009/59469,74781,59009,59469
21449/28091,70729,28091,21449
44009/44621,68399,44009,44621
53009/53281,68127,53281,53009
22009/22599,67710,22599,22009
44009/44629,67473,44629,44009
17009/17201,66883,17201,17009
22009/27381,66860,22009,27381
52009/52331,64929,52331,52009
17009/17201,64773,17009,17201
17041/17171,62083,17041,17171
53009/53381,59314,53009,53381
53009/53289,58550,53009,53289
46779/47619,57535,47619,46779
54261/66331,57120,54261,66331
20239/28009,56090,20239,28009
45321/45421,55582,45321,45421
45329/45421,55485,45421,45329
84011/84031,52929,84011,84031
46779/46799,52408,46799,46779
53239/53381,52345,53239,53381
46009/46189,52282,46189,46009
44009/44509,51588,44509,44009
52009/52481,51263,52481,52009
75009/75131,50822,75131,75009
75009/76351,50643,76351,75009
10149/10169,50403,10169,10149
46069/46529,49942,46529,46069
53231/53379,49653,53379,53231
52009/52311,49596,52009,52311
83062/84011,49424,83062,84011
59079/59111,49281,59079,59111
52009/52339,47988,52009,52339
84039/84049,47794,84049,84039
21421/22009,47569,22009,21421
54269/66339,47540,66339,54269
46109/46521,47348,46109,46521
20231/28009,47236,28009,20231
77009/78109,46805,77009,78109
44009/44291,46487,44291,44009
75009/76359,46182,75009,76359
59009/59239,46114,59239,59009
21591/28091,46081,21591,28091
84039/84059,46015,84059,84039
65009/65271,45377,65009,65271
59091/59239,45361,59091,59239
46399/46779,45223,46779,46399
21429/22009,44794,21429,22009
44009/44501,44526,44009,44501
59009/59389,44516,59009,59389
52009/52489,44317,52009,52489
65009/65279,44309,65279,65009
77009/78101,44143,78101,77009
46779/46869,43793,46779,46869
54261/54281,43775,54261,54281
77009/77201,43747,77009,77201
46009/46651,43682,46009,46651
45321/45411,43571,45321,45411
46009/46159,43500,46009,46159
22529/27279,43276,27279,22529
28091/28399,42919,28399,28091
46771/46791,42866,46771,46791
84031/84051,42759,84031,84051
46009/46971,42709,46009,46971
44009/44551,42661,44009,44551
17151/17171,42572,17151,17171
54009/54389,42212,54009,54389
45131/46101,42207,45131,46101
58251/58351,41809,58351,58251
81111/92041,41405,81111,92041
46009/46981,40808,46009,46981
59009/59419,40637,59419,59009
30039/44531,40518,44531,30039
28009/28639,40409,28639,28009
22009/22591,40266,22009,22591
46009/46179,39440,46009,46179
17069/17171,39424,17069,17171
63031/63051,39389,63031,63051
46009/46659,39245,46659,46009
46009/46541,39020,46541,46009
46779/46841,38889,46841,46779
45329/45411,38433,45411,45329
28009/28499,37997,28499,28009
28009/29031,37989,29031,28009
21599/28091,37794,28091,21599
44299/44539,37602,44539,44299
28009/28671,37048,28009,28671
58259/58359,36817,58259,58359
46009/46149,36779,46009,46149
45321/45401,36678,45321,45401
43009/43189,36600,43009,43189
84009/84231,36316,84009,84231
45329/45439,36291,45439,45329
46009/46431,36114,46009,46431
59009/59391,35977,59391,59009
46009/47521,35854,46009,47521
84021/84031,35783,84021,84031
46009/46151,35753,46151,46009
46009/47501,35723,46009,47501
59072/59181,35674,59181,59072
44009/44559,35598,44559,44009
75009/75169,35582,75169,75009
21609/28091,35579,28091,21609
46211/46239,35393,46211,46239
46009/46069,35346,46009,46069
81129/82029,35243,82029,81129
59009/59399,35141,59009,59399
84009/84371,34760,84009,84371
52009/52389,34706,52009,52389
46009/46109,34588,46109,46009
21449/22009,34467,21449,22009
22009/22349,34417,22349,22009
28009/28631,34332,28009,28631
28009/28511,34203,28009,28511
46009/46969,33937,46969,46009
28009/28321,33848,28009,28321
58531/59072,33776,58531,59072
22009/27371,33588,22009,27371
28009/29029,33576,28009,29029
59009/59189,33469,59009,59189
75009/75139,33432,75009,75139
22009/22241,33320,22009,22241
28009/28331,33307,28009,28331
75009/76361,33252,76361,75009
84009/84391,33063,84391,84009
84009/84391,33060,84009,84391
54009/54181,33024,54009,54181
67009/67661,33023,67009,67661
59079/75009,32910,75009,59079
84009/84379,32901,84379,84009
46779/46861,32858,46861,46779
22009/28409,32719,22009,28409
46009/46269,32531,46009,46269
54009/54191,32518,54009,54191
28009/28491,32469,28009,28491
28091/28511,32381,28511,28091
80031/80071,32152,80031,80071
21379/22009,32120,21379,22009
67009/67661,32119,67661,67009
22009/27379,32115,27379,22009
45069/45139,31964,45139,45069
65009/65399,31807,65399,65009
28009/28329,31804,28329,28009
59072/59201,31662,59201,59072
10141/10161,31648,10141,10161
46008/46181,31475,46008,46181
46779/46831,31468,46831,46779
58211/58419,31410,58419,58211
65199/95109,31307,65199,95109
46009/67409,31296,46009,67409
40019/50038,31269,50038,40019
21441/28099,31243,21441,28099
10121/10169,31198,10169,10121
22009/22231,31121,22009,22231
46009/46249,30935,46009,46249
54009/54379,30915,54009,54379
59569/59579,30912,59579,59569
22009/28401,30832,28401,22009
10009/10169,30704,10009,10169
22009/27271,30680,22009,27271
54269/54289,30668,54289,54269
22009/27099,30664,27099,22009
59009/59199,30423,59009,59199
62059/66359,30323,66359,62059
84061/85091,30282,84061,85091
59073/59119,30139,59119,59073
59009/59641,30046,59009,59641
59079/59521,30019,59079,59521
59009/59239,29881,59009,59239
22009/22259,29862,22259,22009
28009/28649,29806,28649,28009
75009/75089,29803,75009,75089
84039/84231,29795,84231,84039
84031/84061,29734,84031,84061
52009/52071,29723,52071,52009
22009/22239,29706,22239,22009
58539/59079,29695,59079,58539
17159/19039,29655,17159,19039
84069/85099,29648,85099,84069
65009/65391,29608,65009,65391
66009/66271,29309,66009,66271
75009/75081,29294,75081,75009
22009/27131,29265,22009,27131
22009/27409,29257,22009,27409
46769/46779,29126,46779,46769
77009/78119,28797,77009,78119
46009/46079,28770,46079,46009
59439/59569,28634,59439,59569
59073/75009,28626,59073,75009
45321/45439,28608,45321,45439
10009/10161,28543,10161,10009
22009/27399,28431,27399,22009
60121/60161,28421,60121,60161
46008/46439,28399,46439,46008
46009/46141,28361,46141,46009
46009/46441,28334,46009,46441
17171/20101,28314,17171,20101
44861/45009,28219,45009,44861
77009/77209,28185,77209,77009
77009/78071,28080,77009,78071
22009/22511,27974,22009,22511
46521/46531,27956,46521,46531
53009/53271,27948,53271,53009
53009/53341,27866,53009,53341
65009/65289,27821,65289,65009
64009/64059,27805,64059,64009
22009/27091,27790,22009,27091
81129/92049,27724,92049,81129
84369/84451,27705,84369,84451
22009/28519,27702,22009,28519
54009/54371,27592,54371,54009
59009/59591,27556,59009,59591
17049/17179,27481,17179,17049
84031/84249,27466,84031,84249
22009/27391,27460,22009,27391
61039/70059,27446,61039,70059
84009/84421,27434,84421,84009
52009/52279,27433,52279,52009
46391/46771,27328,46391,46771
21601/28091,27292,21601,28091
52009/52131,27283,52009,52131
46009/46171,27261,46171,46009
75009/75161,27186,75009,75161
28009/28679,27131,28679,28009
53231/54379,27124,54379,53231
58119/58161,27113,58161,58119
81111/81211,26903,81211,81111
75009/75141,26892,75141,75009
50171/52009,26829,52009,50171
65009/65539,26700,65539,65009
54261/54291,26699,54261,54291
52009/52399,26665,52009,52399
54009/54239,26626,54009,54239
44021/45061,26579,44021,45061
43009/43181,26563,43181,43009
46009/46979,26518,46979,46009
46009/67401,26507,67401,46009
59009/59171,26475,59171,59009
66051/66359,26449,66051,66359
59159/59211,26368,59211,59159
59159/59219,26234,59159,59219
22009/27351,26231,22009,27351
44029/45069,26207,45069,44029
59009/59209,26180,59009,59209
45139/46039,26167,46039,45139
65009/65269,26088,65269,65009
21399/22009,26085,22009,21399
59009/59181,26064,59181,59009
84031/84041,26042,84031,84041
77009/78111,26028,78111,77009
84009/84449,26016,84009,84449
59009/59641,25980,59641,59009
60269/61101,25961,61101,60269
59561/59711,25961,59561,59711
22009/22249,25961,22249,22009
53009/53351,25954,53009,53351
46009/65199,25919,46009,65199
59072/59191,25890,59191,59072
21431/22009,25779,22009,21431
59009/59249,25758,59249,59009
19019/19039,25737,19039,19019
19011/19031,25707,19011,19031
44691/45009,25703,45009,44691
52009/52391,25642,52391,52009
52009/52089,25615,52089,52009
75009/76369,25591,75009,76369
84009/84219,25581,84219,84009
46008/46449,25501,46449,46008
46008/46071,25497,46008,46071
53009/53279,25318,53009,53279
66351/66481,25241,66351,66481
67009/67231,25201,67009,67231
10161/10349,25148,10161,10349
84009/84411,25146,84411,84009
25421/26269,25119,25421,26269
75009/75261,25062,75009,75261
54009/54289,25049,54289,54009
22009/27369,25033,22009,27369
22009/27439,24952,22009,27439
46009/46411,24948,46009,46411
45061/45131,24933,45061,45131
59119/59159,24911,59119,59159
46521/46541,24865,46521,46541
17079/17171,24822,17079,17171
75009/76421,24819,75009,76421
46779/46859,24727,46779,46859
81111/82032,24682,81111,82032
54009/54311,24634,54311,54009
10169/10361,24566,10361,10169
22529/27309,24546,27309,22529
52009/52319,24540,52319,52009
46069/46519,24501,46519,46069
52009/52291,24494,52009,52291
84009/84541,24483,84541,84009
54269/54299,24364,54299,54269
46008/46419,24278,46419,46008
22521/27271,24265,22521,27271
54009/54019,24244,54009,54019
21441/22009,24244,22009,21441
46671/46779,24230,46671,46779
53231/53399,24205,53399,53231
59569/59761,24182,59761,59569
10209/11521,24156,11521,10209
81111/82119,24145,81111,82119
54009/54231,24043,54231,54009
28099/28391,24038,28099,28391
22009/22341,24010,22009,22341
81129/82049,23995,82049,81129
67389/67409,23990,67409,67389
11169/11179,23986,11179,11169
28009/28501,23960,28009,28501
17151/19031,23895,19031,17151
53231/54389,23895,54389,53231
59091/59219,23852,59091,59219
54009/54189,23849,54189,54009
58211/58539,23826,58539,58211
67009/67379,23818,67379,67009
46779/46851,23787,46851,46779
42311/43009,23786,42311,43009
44009/45311,23783,44009,45311
21581/28091,23686,21581,28091
46009/65069,23632,46009,65069
22009/27401,23627,27401,22009
66369/66389,23527,66369,66389
84361/84539,23490,84539,84361
46009/46791,23477,46009,46791
60121/60141,23444,60121,60141
46009/46521,23437,46521,46009
17009/17211,23419,17009,17211
59561/59571,23397,59561,59571
84009/84351,23372,84351,84009
65199/75009,23248,65199,75009
54009/54219,23226,54009,54219
17009/17061,23213,17009,17061
59349/59671,23210,59349,59671
10209/10299,23199,10299,10209
28009/28641,23113,28009,28641
14029/14141,23042,14029,14141
84009/84381,23021,84009,84381
65009/65439,22987,65439,65009
12091/42059,22971,12091,42059
59009/59459,22913,59459,59009
85099/96219,22882,96219,85099
60161/60261,22854,60161,60261
64111/66351,22852,66351,64111
28009/28311,22772,28009,28311
45261/45321,22770,45261,45321
63299/66359,22735,66359,63299
84009/84419,22642,84009,84419
46009/47521,22579,47521,46009
44009/44689,22491,44689,44009
28009/28319,22428,28319,28009
22009/27459,22405,22009,27459
46009/46399,22403,46399,46009
21371/22009,22385,22009,21371
21431/28099,22282,21431,28099
52009/52381,22252,52381,52009
65191/95109,22181,95109,65191
45329/45401,22164,45401,45329
63291/66351,22157,63291,66351
22009/27279,22142,27279,22009
10161/10369,22139,10161,10369
22009/27411,22132,22009,27411
81111/82099,22126,81111,82099
65191/75009,22112,75009,65191
77009/78221,22102,77009,78221
53009/53371,22091,53009,53371
22009/22359,22084,22359,22009
59009/59179,22006,59009,59179
64579/67609,21977,64579,67609
22009/28511,21947,28511,22009
60261/61101,21935,60261,61101
77009/78081,21906,77009,78081
46009/46391,21833,46009,46391
54261/54271,21791,54261,54271
22009/22519,21778,22519,22009
66359/66429,21761,66429,66359
44261/46009,21714,44261,46009
77009/78089,21656,78089,77009
46009/65191,21636,65191,46009
59009/59409,21598,59009,59409
28009/28339,21555,28339,28009
75009/76279,21546,75009,76279
75009/98301,21543,75009,98301
52009/52151,21543,52009,52151
59449/59561,21499,59561,59449
10169/10371,21484,10371,10169
84031/84239,21479,84031,84239
62229/66359,21449,66359,62229
59009/59409,21428,59409,59009
46771/46831,21385,46771,46831
59041/75009,21348,75009,59041
54009/54329,21339,54009,54329
46008/46429,21336,46429,46008
59419/59569,21326,59419,59569
58251/58361,21323,58361,58251
52009/52081,21308,52009,52081
81089/81099,21256,81099,81089
46129/46521,21225,46129,46521
10129/10161,21189,10129,10161
75009/75121,21173,75121,75009
52179/52429,21171,52429,52179
21599/22009,21154,22009,21599
44269/46009,21142,46009,44269
22009/27301,21063,22009,27301
54261/54571,21047,54261,54571
59073/59341,20917,59073,59341
64119/66359,20906,64119,66359
22529/27329,20887,27329,22529
30039/45009,20805,45009,30039
46009/76191,20803,46009,76191
10169/14381,20757,14381,10169
67009/67171,20753,67009,67171
22529/27211,20742,27211,22529
59441/59569,20735,59441,59569
75009/98309,20701,98309,75009
43009/43499,20689,43009,43499
44661/45009,20672,45009,44661
28009/28689,20668,28689,28009
54261/54389,20649,54261,54389
63309/66359,20646,66359,63309
70019/81089,20603,70019,81089
46529/46539,20584,46539,46529
46009/65061,20569,65061,46009
44009/44571,20558,44009,44571
82009/82221,20524,82221,82009
65009/65261,20443,65009,65261
46761/46771,20428,46761,46771
59009/59451,20402,59009,59451
65049/67009,20393,67009,65049
84201/84521,20391,84521,84201
54009/54321,20370,54321,54009
48131/54009,20368,48131,54009
17179/28671,20312,28671,17179
54009/54381,20259,54381,54009
59009/59211,20257,59009,59211
50038/50089,20247,50038,50089
22009/22529,20245,22529,22009
46009/46531,20232,46531,46009
84009/84361,20224,84361,84009
46009/46421,20220,46009,46421
59009/59601,20219,59009,59601
54489/55509,20208,54489,55509
80069/80101,20081,80069,80101
12091/17179,20053,17179,12091
17171/17371,20050,17171,17371
46009/46471,20044,46009,46471
46009/46279,20016,46279,46009
25691/25771,20002,25691,25771
44801/45009,19984,45009,44801
63361/66351,19972,66351,63361
64491/66009,19962,66009,64491
54481/55509,19938,55509,54481
77009/78079,19932,78079,77009
65009/65281,19932,65009,65281
22009/22441,19895,22009,22441
58211/58529,19882,58529,58211
67601/67611,19858,67611,67601
77009/77071,19851,77071,77009
58251/58341,19847,58341,58251
77009/77211,19828,77009,77211
22009/27199,19790,27199,22009
46009/46549,19773,46009,46549
17009/17221,19697,17009,17221
47619/59079,19664,59079,47619
22009/27341,19625,22009,27341
10169/14031,19594,14031,10169
22009/27211,19590,22009,27211
59569/59639,19569,59639,59569
59009/59601,19562,59601,59009
52009/52451,19467,52009,52451
45131/46069,19451,45131,46069
44009/44579,19442,44579,44009
46289/46779,19434,46779,46289
43009/43331,19386,43009,43331
75009/76189,19378,76189,75009
96169/96291,19366,96169,96291
43579/43841,19364,43841,43579
52009/52269,19355,52269,52009
85091/96219,19355,85091,96219
44399/44539,19348,44539,44399
67119/67409,19344,67119,67409
53231/53241,19344,53241,53231
22009/27531,19314,22009,27531
54009/54229,19309,54009,54229
80089/81089,19281,81089,80089
46009/46241,19281,46241,46009
61031/70051,19270,70051,61031
50019/50038,19269,50038,50019
58211/58409,19233,58409,58211
44809/45009,19223,44809,45009
46009/46691,19192,46009,46691
82009/82049,19178,82009,82049
30031/44539,19151,30031,44539
65191/95129,19143,95129,65191
43009/43619,19106,43009,43619
44261/46521,19088,44261,46521
75009/75201,19042,75009,75201
59079/59251,19013,59079,59251
77009/77291,19000,77291,77009
65199/75359,18999,65199,75359
59009/59381,18999,59381,59009
28091/28521,18991,28521,28091
28009/28459,18974,28459,28009
75009/76511,18923,76511,75009
28009/28461,18922,28009,28461
63031/63349,18901,63031,63349
84209/84529,18874,84209,84529
77031/77051,18771,77051,77031
65009/65191,18750,65191,65009
11141/11521,18728,11521,11141
64101/66351,18715,66351,64101
43009/43179,18697,43009,43179
54009/66339,18680,66339,54009
46009/46671,18665,46009,46671
58521/59072,18661,58521,59072
84009/84551,18660,84551,84009
46521/47039,18623,47039,46521
22009/22351,18620,22009,22351
75009/76181,18539,75009,76181
59421/59711,18537,59421,59711
17179/20109,18526,20109,17179
64009/64049,18486,64049,64009
46008/46629,18475,46008,46629
21561/28091,18472,21561,28091
46009/47511,18462,46009,47511
22009/22011,18458,22009,22011
52009/52361,18443,52361,52009
58261/59079,18427,59079,58261
59009/59359,18427,59009,59359
52009/52159,18414,52159,52009
46009/46539,18405,46009,46539
75009/75149,18375,75009,75149
66009/66309,18341,66009,66309
43009/43171,18296,43171,43009
46009/46989,18282,46989,46009
66359/66421,18270,66359,66421
59009/59241,18258,59009,59241
43491/43579,18250,43491,43579
54009/54199,18241,54199,54009
63211/66351,18218,66351,63211
44009/44281,18218,44281,44009
59079/59261,18193,59079,59261
44531/45301,18167,45301,44531
59009/59591,18161,59591,59009
53009/54371,18145,53009,54371
12101/17179,18134,17179,12101
46009/46529,18108,46009,46529
22009/28539,18107,22009,28539
54261/54379,18106,54261,54379
46009/46461,18102,46009,46461
28009/28541,18075,28009,28541
21459/28099,18052,21459,28099
46529/46549,18042,46549,46529
60121/80101,18019,80101,60121
55139/55509,18018,55509,55139
28401/28511,17973,28511,28401
42319/43009,17935,43009,42319
84031/84579,17933,84579,84031
52009/52321,17916,52321,52009
64009/64329,17888,64009,64329
10169/10341,17833,10341,10169
46069/46511,17825,46069,46511
22009/22521,17784,22009,22521
75009/75279,17774,75279,75009
59409/59569,17770,59409,59569
62251/64009,17764,62251,64009
22009/22251,17732,22009,22251
46679/46779,17714,46779,46679
19039/19071,17705,19039,19071
67399/67409,17662,67409,67399
81119/81219,17639,81119,81219
44031/44879,17639,44879,44031
22009/27411,17636,27411,22009
53231/54019,17632,54019,53231
46521/47049,17602,47049,46521
50038/50059,17572,50059,50038
17009/17269,17568,17009,17269
59009/59651,17560,59009,59651
11009/11161,17512,11161,11009
11149/11529,17507,11149,11529
52009/52539,17501,52009,52539
47561/47591,17499,47561,47591
67009/67369,17484,67369,67009
75009/76219,17484,76219,75009
44009/44189,17481,44189,44009
21249/22009,17472,21249,22009
17159/17179,17464,17179,17159
28009/28509,17456,28509,28009
59231/59689,17419,59231,59689
75009/76391,17418,76391,75009
44009/45319,17409,45319,44009
84009/84401,17408,84401,84009
84009/84559,17402,84009,84559
54261/66101,17351,54261,66101
22529/27531,17348,27531,22529
64241/64541,17347,64241,64541
28009/28079,17345,28079,28009
83321/83361,17304,83321,83361
84009/84549,17290,84009,84549
54009/54011,17283,54011,54009
84009/84409,17267,84409,84009
52009/60261,17258,52009,60261
10169/13121,17218,10169,13121
22009/27469,17203,22009,27469
46771/47611,17180,46771,47611
21651/28091,17169,21651,28091
59041/65191,17154,65191,59041
44611/45009,17133,45009,44611
58129/58211,17129,58129,58211
52009/52059,17123,52059,52009
11361/19071,17108,19071,11361
65009/65371,17045,65009,65371
54009/54169,17045,54009,54169
65009/65229,17040,65229,65009
44009/44499,17027,44499,44009
67009/67239,17001,67239,67009
46009/46681,16977,46681,46009
52009/52079,16964,52009,52079
21011/28009,16943,28009,21011
12201/17171,16933,17171,12201
22009/28531,16914,28531,22009
10139/11169,16841,11169,10139
83062/84021,16836,83062,84021
22009/27321,16793,22009,27321
52009/52271,16765,52009,52271
75009/76271,16764,76271,75009
64009/64401,16762,64009,64401
43491/43571,16758,43571,43491
10071/10169,16742,10169,10071
59461/59671,16740,59461,59671
21241/22009,16707,22009,21241
11009/11169,16670,11009,11169
75009/76051,16598,76051,75009
66351/66371,16591,66351,66371
43009/43359,16571,43009,43359
44031/44551,16534,44551,44031
44289/44539,16527,44539,44289
59049/75009,16486,59049,75009
47551/47591,16473,47551,47591
54231/54261,16472,54231,54261
46009/47611,16434,46009,47611
80069/81089,16428,81089,80069
17009/17279,16395,17009,17279
67009/67179,16389,67179,67009
28009/28469,16387,28469,28009
65009/65531,16358,65009,65531
53009/53361,16324,53009,53361
44009/44569,16284,44569,44009
46639/46979,16271,46979,46639
67371/67409,16252,67409,67371
77009/78181,16234,77009,78181
84009/84239,16225,84239,84009
10161/14389,16148,10161,14389
22009/22449,16132,22449,22009
54009/54221,16112,54221,54009
46779/47671,16107,47671,46779
24009/26269,16099,24009,26269
44031/44871,16086,44031,44871
21609/22009,16082,22009,21609
77009/77279,16078,77279,77009
46009/46469,16076,46469,46009
75009/76269,16058,75009,76269
67409/67559,16015,67409,67559
77039/77289,16014,77289,77039
28009/28541,15997,28541,28009
22009/30021,15987,22009,30021
11369/19089,15942,11369,19089
21451/28091,15922,28091,21451
65009/65549,15919,65549,65009
44009/48131,15914,44009,48131
84009/84401,15876,84009,84401
81129/82091,15867,82091,81129
75009/75111,15864,75111,75009
66009/70059,15864,66009,70059
11169/11439,15813,11439,11169
17061/17239,15799,17239,17061
84009/84249,15788,84249,84009
59073/59289,15784,59073,59289
84009/84119,15777,84009,84119
63039/63341,15776,63341,63039
17171/42311,15775,17171,42311
52009/60089,15774,60089,52009
84031/85091,15772,84031,85091
43419/43449,15752,43449,43419
21591/22009,15748,21591,22009
64471/64549,15742,64471,64549
20201/28009,15731,28009,20201
14041/14141,15714,14141,14041
46009/46689,15713,46009,46689
59281/59671,15709,59281,59671
44699/45009,15697,44699,45009
14119/14379,15693,14119,14379
53231/54329,15692,54329,53231
58259/58361,15691,58259,58361
59073/59529,15661,59529,59073
58151/58169,15609,58151,58169
28009/28439,15588,28439,28009
84039/84069,15578,84069,84039
44651/45009,15567,45009,44651
54261/66341,15556,54261,66341
44031/45461,15548,45461,44031
67601/67629,15532,67601,67629
46779/46941,15527,46941,46779
58269/59073,15494,58269,59073
84009/84309,15477,84309,84009
44009/44189,15427,44009,44189
43009/43351,15425,43351,43009
67609/67619,15418,67609,67619
62251/64009,15416,64009,62251
54009/66331,15415,54009,66331
52009/52149,15413,52149,52009
54269/66349,15406,66349,54269
46009/75359,15400,46009,75359
65191/95029,15384,95029,65191
48131/54009,15331,54009,48131
28009/28081,15321,28009,28081
17171/20021,15302,17171,20021
84009/84221,15297,84009,84221
22009/27331,15295,22009,27331
77009/78169,15287,78169,77009
75009/76261,15281,76261,75009
59139/59239,15273,59139,59239
12209/17179,15264,12209,17179
10201/11529,15247,10201,11529
46009/46969,15219,46009,46969
77009/78159,15216,78159,77009
72011/83101,15203,83101,72011
59049/59059,15167,59059,59049
17159/17239,15163,17239,17159
84009/84209,15144,84209,84009
54199/54261,15141,54199,54261
44669/45009,15100,44669,45009
22529/27159,15076,27159,22529
11169/11189,15059,11189,11169
46009/46479,15055,46479,46009
60119/60139,15051,60139,60119
53231/54319,15045,54319,53231
17171/19011,15025,19011,17171
67009/67361,14983,67009,67361
52009/52059,14975,52009,52059
21421/28099,14969,21421,28099
46529/47041,14951,46529,47041
43009/43421,14950,43009,43421
17009/17049,14922,17009,17049
46779/46809,14920,46809,46779
83329/83361,14903,83361,83329
17009/17229,14901,17229,17009
60179/60269,14890,60269,60179
59091/59249,14877,59091,59249
75009/76249,14864,76249,75009
65009/65379,14860,65379,65009
17009/17071,14839,17009,17071
52009/52309,14813,52009,52309
43009/43319,14810,43009,43319
65031/67009,14779,65031,67009
46009/46999,14768,46999,46009
59073/59269,14744,59269,59073
46771/46841,14739,46771,46841
12101/42059,14734,12101,42059
44009/44871,14719,44871,44009
75009/76421,14717,76421,75009
28009/29039,14697,28009,29039
46119/46521,14687,46119,46521
84031/84661,14668,84031,84661
65191/75351,14620,75351,65191
22529/27131,14611,27131,22529
17009/17219,14601,17219,17009
17171/28679,14582,17171,28679
55159/55509,14579,55509,55159
75009/76129,14578,76129,75009
25429/26261,14566,26261,25429
22009/22411,14549,22009,22411
17009/17041,14547,17041,17009
21689/28099,14500,21689,28099
59009/59119,14494,59119,59009
22009/27101,14473,22009,27101
43009/43361,14467,43361,43009
77009/77221,14454,77009,77221
44869/45009,14445,44869,45009
64461/67601,14438,67601,64461
77009/77271,14437,77009,77271
59421/59571,14415,59421,59571
67401/67551,14396,67551,67401
77009/77219,14388,77219,77009
44291/44531,14376,44291,44531
66271/66359,14351,66271,66359
40011/50021,14350,40011,50021
22009/27109,14326,27109,22009
53009/53331,14323,53009,53331
59073/59299,14310,59073,59299
54009/54411,14296,54009,54411
28009/28681,14283,28009,28681
46009/47551,14276,46009,47551
59049/65199,14251,59049,65199
10299/11149,14224,11149,10299
59072/59171,14223,59171,59072
44531/45299,14197,45299,44531
84039/84241,14189,84241,84039
59009/59419,14188,59009,59419
44009/44299,14169,44009,44299
23189/23499,14162,23189,23499
44031/45309,14160,45309,44031
21619/28091,14152,28091,21619
76039/98019,14148,98019,76039
59079/59551,14146,59551,59079
65029/67009,14124,67009,65029
28671/42159,14114,28671,42159
43009/43509,14112,43009,43509
65009/65199,14089,65009,65199
10169/14269,14088,10169,14269
21569/28091,14085,28091,21569
67409/67699,14076,67409,67699
44031/44591,14062,44591,44031
75009/75271,14027,75009,75271
58211/58509,14017,58509,58211
44009/48131,14009,48131,44009
54189/54261,14005,54189,54261
65009/65541,14005,65009,65541
28009/29019,14000,28009,29019
17171/20299,13992,20299,17171
44009/45451,13985,44009,45451
46009/47561,13983,46009,47561
85061/85091,13982,85091,85061
47569/47599,13963,47599,47569
75009/75289,13958,75289,75009
58219/58411,13953,58219,58411
84231/85091,13950,84231,85091
46009/46088,13939,46088,46009
75009/75079,13922,75009,75079
53009/53349,13911,53349,53009
46008/46361,13897,46008,46361
64009/64409,13889,64409,64009
65009/76059,13878,65009,76059
14141/14241,13878,14141,14241
20219/28009,13877,20219,28009
10169/10189,13872,10189,10169
43009/43369,13855,43009,43369
52009/52301,13846,52301,52009
46009/46191,13839,46191,46009
14141/14279,13822,14141,14279
22009/27211,13815,27211,22009
50201/52009,13808,52009,50201
84009/84011,13788,84011,84009
11361/12121,13784,11361,12121
46009/46621,13761,46621,46009
85021/85099,13753,85021,85099
53239/53371,13745,53239,53371
72069/84009,13733,84009,72069
64571/67601,13706,67601,64571
65009/65209,13677,65209,65009
66301/66331,13677,66331,66301
43009/43339,13675,43339,43009
40121/40181,13668,40181,40121
45311/45321,13663,45311,45321
63011/63031,13652,63011,63031
21641/28091,13646,21641,28091
46009/76199,13646,76199,46009
66009/66271,13644,66271,66009
46009/46711,13626,46009,46711
22009/22019,13619,22019,22009
64009/66579,13597,64009,66579
50038/50189,13588,50189,50038
84209/84351,13578,84209,84351
75051/76071,13569,75051,76071
64009/64479,13550,64009,64479
45079/45139,13545,45139,45079
17009/17159,13528,17009,17159
52009/52289,13524,52289,52009
84101/85099,13510,85099,84101
54659/55509,13495,54659,55509
17009/20109,13474,20109,17009
58529/59079,13473,59079,58529
47571/47591,13466,47571,47591
84039/84641,13466,84039,84641
76039/76249,13462,76249,76039
44009/45261,13457,44009,45261
77009/78261,13438,77009,78261
84109/85091,13436,84109,85091
46489/46779,13425,46489,46779
22009/27419,13418,22009,27419
28009/28571,13412,28571,28009
63389/64009,13378,64009,63389
43009/43541,13357,43009,43541
21019/28009,13349,21019,28009
55509/64491,13347,55509,64491
75009/75109,13337,75009,75109
64009/64051,13330,64009,64051
67109/67409,13316,67109,67409
52009/60221,13313,52009,60221
54269/66109,13311,66109,54269
65009/65339,13310,65339,65009
52009/52411,13299,52009,52411
10161/10379,13299,10161,10379
10079/10161,13297,10079,10161
22521/27211,13297,22521,27211
22521/27131,13276,22521,27131
77009/78251,13272,77009,78251
75009/76121,13265,75009,76121
84009/84301,13264,84009,84301
66481/67609,13255,66481,67609
54009/54201,13255,54009,54201
65199/95029,13253,65199,95029
14161/15051,13250,14161,15051
62139/63291,13226,63291,62139
64481/64549,13206,64481,64549
75009/75151,13195,75151,75009
17171/28689,13195,17171,28689
44009/44561,13194,44009,44561
44269/46529,13194,46529,44269
75009/76519,13188,75009,76519
59009/59639,13178,59009,59639
54261/54581,13163,54261,54581
58121/58219,13136,58219,58121
12099/42051,13133,42051,12099
42159/42189,13133,42189,42159
46009/46761,13132,46009,46761
10189/10209,13128,10209,10189
80199/90029,13119,80199,90029
84009/84409,13119,84009,84409
17179/43509,13100,43509,17179
54009/55111,13092,54009,55111
17179/42319,13086,42319,17179
67201/67601,13082,67201,67601
59291/59671,13073,59291,59671
59411/59561,13069,59561,59411
53211/53231,13068,53231,53211
21389/22009,13067,21389,22009
52009/60219,13064,60219,52009
61031/70041,13052,70041,61031
84201/84211,13051,84211,84201
28009/28451,13040,28009,28451
44259/44269,13030,44269,44259
58019/58219,13027,58219,58019
46529/47031,13022,46529,47031
43009/43191,13013,43191,43009
52009/60211,13007,52009,60211
54009/55119,13007,55119,54009
75009/76459,13003,76459,75009
19031/19089,12982,19089,19031
64411/64541,12977,64541,64411
58251/58379,12957,58251,58379
58211/58261,12935,58261,58211
46771/46801,12934,46771,46801
11361/19081,12926,19081,11361
77009/78259,12912,78259,77009
40301/43009,12894,43009,40301
59009/59111,12884,59009,59111
58011/58211,12850,58011,58211
46779/47659,12834,47659,46779
22009/27351,12816,27351,22009
22009/27451,12804,27451,22009
53009/53359,12801,53359,53009
59009/59351,12801,59351,59009
22529/27141,12798,27141,22529
14129/14249,12792,14249,14129
10018/10049,12781,10049,10018
92041/92239,12781,92041,92239
62131/63011,12775,62131,63011
54319/54339,12774,54339,54319
46219/47711,12774,46219,47711
55149/55509,12737,55509,55149
46009/47539,12718,46009,47539
64009/64411,12709,64009,64411
53009/53249,12707,53009,53249
17091/17171,12707,17091,17171
50021/50081,12697,50081,50021
22521/27301,12695,22521,27301
59569/59719,12693,59719,59569
77171/77361,12689,77361,77171
53009/54381,12671,53009,54381
84009/84251,12654,84009,84251
84009/84649,12646,84009,84649
75009/75281,12626,75009,75281
59431/59561,12614,59561,59431
46009/46661,12606,46009,46661
85069/85099,12603,85069,85099
42041/42051,12594,42041,42051
59041/59611,12572,59041,59611
81111/92249,12569,81111,92249
44009/44879,12564,44009,44879
77009/77259,12562,77259,77009
70039/81089,12557,70039,81089
59073/65199,12552,59073,65199
92049/92079,12551,92079,92049
21589/28091,12545,28091,21589
65009/65149,12538,65149,65009
14129/15059,12534,15059,14129
84031/84569,12520,84569,84031
76199/76351,12514,76351,76199
54009/55169,12508,54009,55169
77009/78241,12507,78241,77009
46009/46551,12459,46551,46009
59429/59761,12457,59761,59429
10209/10349,12441,10209,10349
44031/44091,12440,44091,44031
84009/84499,12412,84499,84009
52009/60121,12410,60121,52009
83062/83081,12407,83062,83081
46639/46989,12385,46989,46639
66301/66359,12373,66301,66359
84669/85091,12371,84669,85091
28009/29011,12364,29011,28009
77009/77291,12353,77009,77291
76101/96169,12345,96169,76101
77039/78049,12344,78049,77039
64489/64541,12344,64541,64489
46779/46921,12341,46921,46779
46009/46641,12337,46009,46641
28009/28401,12337,28009,28401
75009/76211,12333,75009,76211
45009/45469,12325,45009,45469
75009/76439,12316,75009,76439
28009/28411,12301,28009,28411
71111/71169,12298,71111,71169
72061/82061,12294,82061,72061
45321/45379,12290,45379,45321
63219/66359,12284,63219,66359
46009/46281,12280,46009,46281
54009/55129,12271,55129,54009
64331/64549,12256,64331,64549
59161/59201,12256,59201,59161
75009/76401,12253,75009,76401
28009/28089,12244,28089,28009
44031/44621,12241,44621,44031
10201/10291,12225,10201,10291
84009/84491,12215,84009,84491
75009/75159,12215,75009,75159
65009/65071,12214,65071,65009
11169/19019,12212,19019,11169
75009/76061,12211,76061,75009
75009/76439,12192,76439,75009
46009/46309,12191,46309,46009
84009/84451,12188,84009,84451
40041/40051,12187,40041,40051
58211/58519,12171,58519,58211
64029/64381,12163,64029,64381
96161/96299,12163,96299,96161
52009/52401,12163,52009,52401
54009/56259,12161,54009,56259
75009/76301,12159,75009,76301
62051/66351,12152,62051,66351
75009/76101,12144,76101,75009
10161/14039,12133,10161,14039
84031/84559,12115,84559,84031
77171/78181,12114,78181,77171
46479/46779,12107,46479,46779
65009/65341,12098,65009,65341
46008/46869,12091,46869,46008
50211/52009,12086,52009,50211
52009/70101,12085,52009,70101
75009/96289,12075,75009,96289
17171/21011,12056,17171,21011
64419/64549,12055,64419,64549
40229/44261,12047,44261,40229
28009/28661,12044,28009,28661
52009/52371,12037,52371,52009
76031/76101,12032,76101,76031
46009/46481,12029,46009,46481
46009/46489,12021,46489,46009
21429/28091,12015,28091,21429
63019/66351,12002,63019,66351
54269/54589,11987,54589,54269
62221/66351,11983,62221,66351
50191/52009,11977,52009,50191
84661/85099,11969,85099,84661
54009/54209,11951,54209,54009
66271/66351,11906,66351,66271
44251/44289,11901,44289,44251
44009/44091,11895,44091,44009
22521/27321,11895,22521,27321
10131/11161,11891,10131,11161
46009/47619,11887,47619,46009
40341/43009,11887,43009,40341
52009/52329,11884,52009,52329
59009/59579,11873,59009,59579
54329/54339,11858,54339,54329
43009/43801,11853,43009,43801
54269/54371,11852,54371,54269
54191/54248,11846,54248,54191
84071/85099,11836,85099,84071
63019/63039,11835,63039,63019
28679/42151,11826,42151,28679
84009/84229,11820,84229,84009
44259/44291,11815,44259,44291
75051/75231,11814,75231,75051
46009/47501,11811,47501,46009
52009/52539,11806,52539,52009
59429/59579,11805,59579,59429
46009/47571,11802,46009,47571
28099/28519,11786,28099,28519
63039/63049,11775,63049,63039
77009/78069,11775,77009,78069
43009/43611,11766,43611,43009
10299/11521,11755,11521,10299
54651/55509,11749,55509,54651
46771/46881,11741,46771,46881
22009/22399,11738,22009,22399
21419/22009,11733,21419,22009
72019/83109,11708,72019,83109
44619/45009,11695,44619,45009
83101/83291,11682,83291,83101
62139/63399,11666,63399,62139
63291/66359,11664,63291,66359
54181/54248,11662,54248,54181
40129/40189,11648,40129,40189
77009/77251,11636,77009,77251
44009/44391,11636,44391,44009
59009/59129,11620,59129,59009
46008/46559,11619,46008,46559
44251/44299,11606,44299,44251
45009/45321,11605,45009,45321
64109/66359,11603,64109,66359
77009/78171,11589,77009,78171
53009/53401,11573,53009,53401
54011/54261,11571,54011,54261
60221/60269,11561,60269,60221
80199/90079,11550,90079,80199
65039/67009,11539,67009,65039
20199/28009,11531,20199,28009
75009/76399,11516,75009,76399
65009/65201,11499,65009,65201
28461/28491,11497,28461,28491
66059/66351,11493,66351,66059
28491/28511,11492,28491,28511
81181/82131,11479,81181,82131
58259/58349,11472,58259,58349
10111/11161,11459,10111,11161
46009/46111,11456,46111,46009
24719/25771,11442,25771,24719
59079/65191,11429,65191,59079
80031/80119,11425,80031,80119
54009/56251,11422,56251,54009
54009/54319,11411,54009,54319
64361/64381,11402,64361,64381
22009/27309,11391,27309,22009
76039/78059,11385,78059,76039
52009/70109,11383,70109,52009
21411/22009,11376,22009,21411
17171/28659,11360,17171,28659
84089/85091,11353,84089,85091
46009/46699,11345,46699,46009
84009/84369,11335,84009,84369
59073/59259,11330,59259,59073
46069/46119,11327,46119,46069
10169/10351,11321,10351,10169
44031/44559,11318,44031,44559
60119/60159,11316,60159,60119
96169/96259,11316,96259,96169
64381/65019,11314,65019,64381
11161/11171,11312,11161,11171
17171/28649,11308,17171,28649
55239/55509,11305,55509,55239
67009/67201,11302,67009,67201
54199/54241,11293,54199,54241
54221/54261,11264,54221,54261
77019/77039,11250,77019,77039
46779/47681,11244,47681,46779
84009/84201,11243,84009,84201
22009/22391,11241,22391,22009
46008/46649,11234,46649,46008
77009/78209,11231,77009,78209
16019/16069,11228,16069,16019
75009/75269,11227,75269,75009
20189/28009,11227,20189,28009
45139/46059,11224,46059,45139
84201/84359,11222,84359,84201
54009/54081,11215,54009,54081
22511/22521,11211,22511,22521
44539/45309,11187,44539,45309
83101/92041,11174,92041,83101
45009/45301,11169,45009,45301
10081/10161,11168,10161,10081
22009/22451,11153,22009,22451
10009/14329,11151,10009,14329
84009/84359,11151,84009,84359
44529/44539,11149,44529,44539
64009/66579,11135,66579,64009
43009/43499,11133,43499,43009
63301/66351,11129,63301,66351
84209/84219,11118,84209,84219
84079/85091,11106,84079,85091
46008/46199,11101,46008,46199
23239/24009,11099,24009,23239
66041/66359,11098,66041,66359
28469/28499,11098,28499,28469
53009/53409,11079,53409,53009
44459/44569,11072,44569,44459
84009/84641,11068,84641,84009
70181/81111,11066,70181,81111
43411/43539,11064,43539,43411
52009/52529,11062,52009,52529
53231/53349,11050,53349,53231
58059/58211,11049,58059,58211
52009/52299,11048,52299,52009
67601/67731,11041,67601,67731
96169/96181,11033,96169,96181
59059/59073,11027,59073,59059
82061/83299,11013,82061,83299
10209/14249,11010,10209,14249
43009/43549,11006,43549,43009
44009/44689,10998,44009,44689
80199/90021,10976,90021,80199
28461/28511,10969,28461,28511
43549/43579,10960,43579,43549
65009/65539,10950,65009,65539
46779/46789,10942,46789,46779
81111/82089,10941,81111,82089
70059/81089,10916,70059,81089
58251/58369,10912,58369,58251
77009/78269,10906,78269,77009
76191/76359,10899,76191,76359
75009/76229,10893,76229,75009
10169/14279,10880,14279,10169
70279/81111,10877,70279,81111
16011/16031,10869,16011,16031
52051/53231,10866,53231,52051
21601/22009,10863,21601,22009
17179/21019,10861,21019,17179
67009/67391,10857,67391,67009
10071/10091,10833,10071,10091
80199/90079,10832,80199,90079
84009/84561,10807,84561,84009
67009/67381,10785,67381,67009
44031/44599,10785,44031,44599
75051/76081,10775,75051,76081
45301/45321,10766,45321,45301
64491/64549,10764,64491,64549
22009/27469,10751,27469,22009
84009/84529,10740,84529,84009
66359/67051,10738,67051,66359
43259/43279,10727,43279,43259
58219/58521,10713,58219,58521
59009/59349,10707,59009,59349
59079/59091,10706,59079,59091
84009/84479,10699,84009,84479
59241/59689,10697,59241,59689
53239/54011,10682,53239,54011
43009/43429,10681,43429,43009
22009/27431,10679,27431,22009
54261/66481,10675,54261,66481
70181/70371,10664,70181,70371
77009/77199,10661,77199,77009
11161/11389,10650,11161,11389
85019/85091,10638,85091,85019
43009/43809,10627,43809,43009
44009/45309,10626,44009,45309
81111/82079,10626,81111,82079
10209/10339,10620,10209,10339
43579/43659,10620,43659,43579
46009/46851,10617,46009,46851
60119/80109,10599,60119,80109
63031/63041,10589,63031,63041
63039/63069,10586,63069,63039
65009/65451,10583,65451,65009
22009/22149,10571,22009,22149
43009/43481,10566,43481,43009
21381/22009,10565,22009,21381
46009/47511,10560,47511,46009
52009/52281,10558,52009,52281
84009/84261,10556,84009,84261
44009/44469,10549,44469,44009
58009/58411,10539,58009,58411
59009/59379,10534,59009,59379
84009/92041,10531,92041,84009
44009/45249,10521,45249,44009
43571/43841,10520,43571,43841
50991/52129,10513,50991,52129
59121/59561,10501,59121,59561
96041/97011,10497,96041,97011
59072/59219,10497,59219,59072
28009/28561,10488,28561,28009
23181/23491,10480,23491,23181
58259/58369,10474,58259,58369
10201/11519,10473,10201,11519
59161/59181,10470,59181,59161
54009/54439,10465,54009,54439
75009/75129,10456,75009,75129
52361/53231,10436,53231,52361
76061/76141,10430,76061,76141
44009/45421,10430,44009,45421
30121/43579,10426,30121,43579
17171/20239,10414,17171,20239
72011/82061,10413,82061,72011
66359/66439,10411,66439,66359
84059/85099,10406,85099,84059
43571/43641,10405,43571,43641
54189/54241,10401,54189,54241
14131/14141,10399,14141,14131
84031/96219,10398,84031,96219
52179/52439,10396,52439,52179
53199/54009,10395,54009,53199
54009/54161,10395,54161,54009
44639/44699,10395,44699,44639
84039/84669,10394,84669,84039
76039/76109,10386,76039,76109
17059/17179,10382,17059,17179
65069/67009,10381,65069,67009
58219/58401,10379,58219,58401
63221/63281,10378,63221,63281
75009/75071,10368,75071,75009
58119/58211,10364,58119,58211
20209/28009,10360,20209,28009
40019/50029,10359,50029,40019
59009/59621,10351,59009,59621
40019/40279,10350,40279,40019
20211/28009,10340,28009,20211
46009/46951,10335,46009,46951
28401/28491,10333,28491,28401
65021/67009,10328,65021,67009
46008/46569,10318,46008,46569
44279/44539,10305,44539,44279
22009/28529,10296,22009,28529
43009/43149,10289,43009,43149
84009/84089,10286,84009,84089
16169/17171,10285,16169,17171
50038/50159,10281,50159,50038
60139/60269,10280,60269,60139
46009/47569,10270,47569,46009
17179/43619,10268,43619,17179
14039/14141,10266,14039,14141
77011/77031,10263,77031,77011
84009/84501,10249,84009,84501
84009/92049,10236,84009,92049
43009/43199,10227,43009,43199
44009/44099,10212,44009,44099
54479/55509,10210,54479,55509
58219/58381,10196,58381,58219
10161/14381,10195,10161,14381
28401/28461,10189,28461,28401
65009/65139,10184,65139,65009
40011/40101,10180,40011,40101
24009/24049,10163,24049,24009
16019/16049,10159,16049,16019
21571/28091,10151,21571,28091
84009/84539,10149,84539,84009
63281/66351,10142,63281,66351
46009/68111,10141,46009,68111
43009/43161,10138,43161,43009
46008/46088,10138,46008,46088
64009/64061,10132,64009,64061
44819/45009,10127,44819,45009
10009/10349,10125,10349,10009
46101/46529,10123,46529,46101
75009/75081,10106,75009,75081
44519/44539,10106,44519,44539
21079/28009,10105,28009,21079
65199/76191,10101,65199,76191
52009/60229,10088,60229,52009
81189/92119,10088,92119,81189
45321/45369,10080,45369,45321
28689/42151,10069,42151,28689
11029/11169,10060,11169,11029
64351/64381,10058,64351,64381
22009/28499,10048,22009,28499
44009/45269,10047,45269,44009
59041/95109,10044,95109,59041
84009/84419,10041,84419,84009
54009/54401,10038,54009,54401
43419/43499,10037,43419,43499
17009/17099,10036,17009,17099
28009/28519,10035,28519,28009
84049/85099,10028,85099,84049
28009/28229,10026,28009,28229
16891/17179,10020,17179,16891
52081/60261,10020,52081,60261
64469/67609,9994,64469,67609
59009/59621,9993,59621,59009
63361/66009,9983,66009,63361
66101/66359,9979,66101,66359
54009/55121,9975,54009,55121
77031/78061,9969,78061,77031
16011/17041,9955,16011,17041
77031/77281,9948,77031,77281
75009/76449,9941,76449,75009
50011/50021,9931,50011,50021
84031/84211,9928,84031,84211
46009/47559,9924,47559,46009
96049/97019,9914,97019,96049
84009/84569,9904,84009,84569
77051/77171,9904,77051,77171
67401/67561,9904,67561,67401
54261/63391,9902,54261,63391
10009/14329,9898,14329,10009
96049/97039,9894,97039,96049
46009/46719,9892,46719,46009
52009/60119,9891,52009,60119
84009/84331,9890,84331,84009
54009/54081,9887,54081,54009
60159/60269,9885,60269,60159
81111/92169,9884,81111,92169
50038/50179,9883,50179,50038
17179/43319,9877,43319,17179
54009/66421,9864,54009,66421
84119/85091,9857,84119,85091
52009/60269,9857,60269,52009
54009/66429,9856,66429,54009
54011/54241,9855,54011,54241
54009/54281,9850,54009,54281
52009/61101,9849,52009,61101
46009/46419,9848,46419,46009
83109/92049,9846,83109,92049
16991/17171,9840,16991,17171
76221/98301,9834,76221,98301
10079/10099,9832,10099,10079
76049/76141,9825,76049,76141
46009/75351,9820,75351,46009
54269/63399,9815,63399,54269
46009/46369,9808,46369,46009
58219/58531,9806,58219,58531
17171/43311,9803,17171,43311
21681/22009,9798,21681,22009
59161/59191,9797,59191,59161
64009/64241,9796,64241,64009
59049/59751,9787,59049,59751
77009/78061,9785,78061,77009
62049/66359,9778,66359,62049
84009/84241,9777,84009,84241
84009/84411,9777,84009,84411
43541/43571,9772,43541,43571
10161/10599,9771,10161,10599
67009/67671,9764,67671,67009
46009/46219,9762,46219,46009
22009/22439,9760,22009,22439
22009/27141,9753,22009,27141
43009/43501,9748,43501,43009
15161/15191,9744,15161,15191
64341/64541,9744,64541,64341
22009/22361,9731,22009,22361
44031/45369,9725,45369,44031
65149/65191,9722,65191,65149
16019/17049,9716,17049,16019
17171/43501,9711,17171,43501
52009/52139,9709,52139,52009
17121/18071,9708,18071,17121
20191/28009,9700,28009,20191
50229/52009,9697,50229,52009
46009/47651,9693,46009,47651
11161/19011,9687,11161,19011
75089/75151,9685,75089,75151
54269/54381,9682,54381,54269
96121/96169,9678,96169,96121
50161/52009,9674,52009,50161
63379/64009,9667,64009,63379
28009/28289,9631,28289,28009
47111/58119,9623,47111,58119
28009/46101,9621,28009,46101
20269/28009,9620,28009,20269
10018/14239,9619,14239,10018
67409/67569,9612,67409,67569
60221/80109,9611,60221,80109
22009/27131,9606,27131,22009
46009/46841,9598,46009,46841
59111/59141,9595,59141,59111
66009/66041,9588,66009,66041
62041/66351,9587,62041,66351
70041/81081,9560,81081,70041
17171/20319,9558,20319,17171
46009/84009,9554,84009,46009
22009/27361,9551,27361,22009
65069/67409,9531,65069,67409
54009/54071,9512,54009,54071
59079/59611,9512,59611,59079
66009/66329,9509,66009,66329
10369/14141,9505,10369,14141
57129/59159,9503,57129,59159
17009/20281,9498,17009,20281
21071/28009,9494,21071,28009
65141/65199,9490,65141,65199
42159/43189,9489,43189,42159
40209/40229,9486,40229,40209
46009/76141,9477,76141,46009
75009/76099,9474,76099,75009
44539/45291,9472,44539,45291
43579/43589,9469,43589,43579
12061/17179,9466,17179,12061
65009/65139,9461,65009,65139
46639/46999,9454,46999,46639
59009/59139,9451,59139,59009
53231/54081,9435,54081,53231
21449/28401,9424,28401,21449
77009/77191,9423,77009,77191
81011/81031,9419,81011,81031
75009/75101,9418,75101,75009
44479/44531,9417,44531,44479
20181/28009,9416,28009,20181
44009/44589,9412,44589,44009
22009/45009,9411,45009,22009
54399/54439,9400,54439,54399
21681/28091,9399,28091,21681
44009/44511,9397,44511,44009
59129/59689,9394,59129,59689
52171/52351,9391,52171,52351
59009/59469,9389,59469,59009
62261/64009,9385,64009,62261
64381/64449,9382,64449,64381
42151/43191,9362,42151,43191
58169/59079,9362,59079,58169
46009/46831,9357,46009,46831
71099/83101,9357,83101,71099
46009/47539,9355,47539,46009
11021/11161,9352,11021,11161
50081/50251,9338,50251,50081
46779/59111,9335,59111,46779
22009/23189,9332,22009,23189
75009/76069,9328,75009,76069
59079/67009,9310,67009,59079
67391/67401,9309,67391,67401
53231/53359,9307,53359,53231
59009/59461,9307,59461,59009
46739/58211,9305,58211,46739
92061/92239,9302,92061,92239
75051/96289,9301,75051,96289
64479/64541,9295,64541,64479
43411/43441,9294,43411,43441
84009/84259,9292,84259,84009
17171/20031,9287,17171,20031
66489/67601,9287,67601,66489
43419/43531,9277,43419,43531
84009/84111,9274,84111,84009
59009/59411,9273,59411,59009
14049/14129,9269,14049,14129
43009/43571,9264,43009,43571
21439/28091,9262,28091,21439
60051/80101,9257,80101,60051
64009/64419,9256,64419,64009
59161/59281,9255,59281,59161
22009/27011,9254,22009,27011
52009/52501,9252,52501,52009
81189/82139,9237,82139,81189
44259/44281,9234,44259,44281
16189/17171,9229,16189,17171
11009/11369,9229,11009,11369
46029/46109,9223,46109,46029
53239/53249,9221,53239,53249
22009/27531,9219,27531,22009
84231/84359,9217,84359,84231
50991/52009,9215,50991,52009
75009/76459,9210,75009,76459
75009/76349,9200,75009,76349
22009/28391,9199,22009,28391
76199/76361,9198,76361,76199
52009/52191,9190,52009,52191
46008/46679,9183,46679,46008
70371/71119,9182,70371,71119
75009/96281,9174,96281,75009
75009/76239,9166,76239,75009
59073/59751,9163,59073,59751
11041/11161,9162,11041,11161
28009/29021,9159,29021,28009
77009/78151,9157,77009,78151
52009/60161,9151,60161,52009
63191/66351,9150,66351,63191
46009/46861,9145,46009,46861
84009/84459,9133,84459,84009
75009/96129,9129,75009,96129
59399/59569,9129,59399,59569
21621/28091,9128,21621,28091
19039/19099,9126,19039,19099
44009/44591,9116,44009,44591
59009/59571,9111,59571,59009
46649/46779,9108,46779,46649
22009/28491,9104,28491,22009
44701/45009,9103,45009,44701
28499/28519,9102,28519,28499
66009/66301,9102,66301,66009
72021/82061,9099,82061,72021
22009/22309,9083,22009,22309
77009/78139,9078,77009,78139
44811/45009,9076,45009,44811
54009/55169,9075,55169,54009
53009/53389,9066,53389,53009
43579/43809,9059,43579,43809
54009/54459,9057,54009,54459
44221/46009,9055,44221,46009
58251/58279,9040,58251,58279
59009/59231,9038,59009,59231
54399/54479,9021,54479,54399
75009/76251,9019,76251,75009
65191/76199,9007,76199,65191
17051/17171,8994,17171,17051
77321/78201,8989,78201,77321
76069/95109,8985,76069,95109
81129/82071,8982,82071,81129
54209/54261,8979,54209,54261
67009/67259,8973,67009,67259
70089/70281,8967,70089,70281
46159/46179,8962,46179,46159
67009/67209,8959,67209,67009
70031/81081,8956,81081,70031
72069/82009,8955,72069,82009
65009/75359,8953,65009,75359
77009/78131,8950,78131,77009
46009/47579,8946,47579,46009
84009/84511,8940,84511,84009
66351/66489,8939,66489,66351
75009/75311,8937,75009,75311
24009/24259,8931,24009,24259
46489/58211,8927,58211,46489
75089/75339,8923,75089,75339
81129/92241,8917,92241,81129
44229/46009,8912,46009,44229
96161/96189,8910,96189,96161
75081/75339,8905,75339,75081
54261/54301,8902,54261,54301
43009/43669,8901,43009,43669
64549/64561,8899,64561,64549
10018/10079,8898,10079,10018
64009/64339,8889,64009,64339
58211/59521,8883,59521,58211
42151/42171,8879,42151,42171
84009/84129,8877,84009,84129
45309/45321,8873,45309,45321
11059/11169,8872,11169,11059
82049/82069,8872,82069,82049
67129/67409,8868,67129,67409
46069/46521,8862,46069,46521
44211/44739,8858,44739,44211
17071/17239,8857,17239,17071
64419/64491,8854,64491,64419
84009/84471,8853,84471,84009
54289/54371,8850,54371,54289
83081/84031,8848,83081,84031
52009/52201,8843,52009,52201
72061/84009,8837,72061,84009
28009/28441,8825,28009,28441
44031/44099,8823,44031,44099
17171/43611,8821,17171,43611
65009/65069,8820,65009,65069
28009/28571,8811,28009,28571
67381/67401,8809,67381,67401
52009/52441,8804,52009,52441
65061/65199,8797,65061,65199
63381/64009,8797,63381,64009
17179/28681,8792,28681,17179
58111/58169,8791,58111,58169
84209/84231,8788,84209,84231
17009/20341,8784,17009,20341
67009/67439,8782,67009,67439
75051/76101,8778,75051,76101
14009/14509,8775,14509,14009
30021/44539,8771,30021,44539
23499/24129,8770,23499,24129
77039/77059,8769,77039,77059
75009/76199,8767,76199,75009
54009/54419,8767,54419,54009
12109/42051,8757,42051,12109
46779/46931,8751,46931,46779
61039/70039,8733,61039,70039
50221/52009,8733,52009,50221
92041/92229,8729,92041,92229
21689/22009,8727,22009,21689
82049/84009,8724,84009,82049
84009/84381,8724,84381,84009
84009/84511,8719,84009,84511
28409/28519,8718,28409,28519
82032/82061,8718,82032,82061
46219/46239,8711,46219,46239
46009/46331,8709,46009,46331
46009/47811,8709,46009,47811
28009/43531,8708,43531,28009
10169/10199,8677,10199,10169
61061/61101,8677,61061,61101
55509/66459,8676,66459,55509
22009/22021,8671,22009,22021
84039/84559,8671,84039,84559
17041/17161,8665,17041,17161
53121/54011,8656,53121,54011
15229/16019,8647,16019,15229
44031/45329,8646,45329,44031
46009/46779,8645,46779,46009
52031/53231,8644,53231,52031
67009/67191,8639,67009,67191
24009/24041,8637,24009,24041
21551/28091,8637,21551,28091
41081/42041,8635,41081,42041
67209/67609,8633,67609,67209
58211/58349,8633,58349,58211
64009/64489,8631,64009,64489
65009/65061,8628,65061,65009
58211/58389,8619,58211,58389
77009/78051,8618,78051,77009
54009/54211,8616,54211,54009
46009/46771,8614,46009,46771
22521/27531,8613,22521,27531
75009/75319,8605,75319,75009
77009/77181,8602,77181,77009
85071/85091,8596,85091,85071
11511/15041,8595,15041,11511
52009/52419,8594,52419,52009
54399/54419,8589,54419,54399
54389/66389,8577,54389,66389
59041/59759,8576,59759,59041
46009/46459,8575,46459,46009
44009/44271,8575,44271,44009
16189/17009,8573,17009,16189
84031/84289,8572,84031,84289
84009/84579,8570,84009,84579
28009/43539,8565,28009,43539
22009/27341,8563,27341,22009
46779/46879,8558,46779,46879
67609/67739,8555,67739,67609
22009/28091,8555,28091,22009
46008/46799,8550,46799,46008
46281/46771,8550,46281,46771
84009/84269,8532,84269,84009
59159/59261,8531,59261,59159
47579/47599,8528,47599,47579
54009/54299,8522,54299,54009
54399/54489,8519,54489,54399
92041/92071,8515,92041,92071
47559/47599,8507,47599,47559
11019/11169,8502,11169,11019
17041/17071,8502,17041,17071
14119/14239,8500,14119,14239
65009/76051,8500,76051,65009
53009/53339,8485,53339,53009
80049/80069,8481,80069,80049
22009/27449,8479,22009,27449
71111/71139,8475,71139,71111
46389/46521,8475,46389,46521
54269/66489,8474,66489,54269
83101/83301,8473,83301,83101
65009/65221,8469,65009,65221
47049/58151,8468,58151,47049
84009/92239,8466,92239,84009
46069/46591,8458,46069,46591
59049/95109,8455,59049,95109
42031/42051,8453,42031,42051
77289/78069,8452,77289,78069
46471/46771,8449,46771,46471
11049/11169,8443,11169,11049
62131/63391,8426,62131,63391
52009/61101,8425,61101,52009
55131/55509,8424,55131,55509
65809/67409,8418,67409,65809
75009/76409,8413,76409,75009
64401/67609,8412,64401,67609
46009/57119,8411,46009,57119
77009/77331,8397,77009,77331
66359/66489,8395,66489,66359
63039/63281,8393,63039,63281
64249/64549,8389,64549,64249
24009/24549,8385,24549,24009
42099/43811,8384,43811,42099
55119/55509,8381,55119,55509
28009/28561,8370,28009,28561
23231/24009,8366,23231,24009
43241/43271,8365,43241,43271
22009/22069,8356,22009,22069
52179/52359,8355,52359,52179
23499/24581,8352,23499,24581
57071/59079,8348,57071,59079
54349/54399,8347,54349,54399
63039/63241,8345,63241,63039
45321/45469,8341,45469,45321
84221/84231,8328,84221,84231
10201/14241,8325,14241,10201
16159/17009,8324,17009,16159
46009/46261,8310,46261,46009
84029/84039,8310,84039,84029
22009/27181,8307,22009,27181
28009/43341,8303,43341,28009
44251/44539,8302,44539,44251
75009/76241,8293,75009,76241
44031/44629,8292,44031,44629
59161/59291,8289,59291,59161
63199/66359,8289,63199,66359
62139/62221,8288,62221,62139
84039/94031,8282,84039,94031
80031/80251,8273,80031,80251
59049/59073,8268,59073,59049
72061/83101,8267,83101,72061
77009/77221,8264,77221,77009
46009/46209,8257,46009,46209
64009/64471,8253,64471,64009
55509/64489,8252,64489,55509
67609/67621,8249,67621,67609
76031/96121,8248,96121,76031
64339/64541,8247,64541,64339
45061/46521,8246,45061,46521
83119/92049,8244,83119,92049
22009/27071,8243,22009,27071
43251/43271,8240,43251,43271
59319/59569,8237,59569,59319
17171/28031,8234,17171,28031
50229/50991,8231,50229,50991
55179/55189,8227,55179,55189
14031/14119,8227,14119,14031
46069/46779,8225,46779,46069
54359/54399,8225,54359,54399
17179/28641,8210,28641,17179
16991/17179,8209,17179,16991
11361/19051,8207,19051,11361
12099/17171,8201,12099,17171
46661/46779,8199,46661,46779
84009/84501,8198,84501,84009
50038/50209,8196,50209,50038
76069/96289,8194,76069,96289
28009/28071,8184,28009,28071
44009/44491,8181,44009,44491
83101/83311,8174,83311,83101
43419/43439,8174,43439,43419
59411/59421,8171,59421,59411
44531/45361,8165,45361,44531
83062/84581,8162,83062,84581
24719/25781,8157,25781,24719
75009/76341,8156,76341,75009
81181/92111,8156,81181,92111
60031/80101,8153,80101,60031
10291/11141,8152,10291,11141
45321/45361,8144,45321,45361
44009/45421,8143,45421,44009
10009/14269,8143,14269,10009
28009/28551,8141,28009,28551
92041/92249,8135,92249,92041
59049/59619,8131,59619,59049
64231/64541,8126,64231,64541
84009/84211,8124,84009,84211
16151/17171,8122,16151,17171
64381/64439,8121,64439,64381
54009/54439,8121,54439,54009
75059/76079,8117,76079,75059
70049/81089,8113,70049,81089
14141/14231,8111,14231,14141
75281/76141,8105,76141,75281
75009/75039,8103,75009,75039
21699/28099,8097,21699,28099
81189/92171,8092,92171,81189
75009/97171,8089,75009,97171
44031/45489,8088,45489,44031
14129/14169,8084,14169,14129
52161/52559,8084,52559,52161
67279/67401,8083,67279,67401
75009/76071,8083,75009,76071
44009/45291,8076,44009,45291
11519/15049,8075,11519,15049
58161/59073,8074,58161,59073
59091/59121,8071,59091,59121
12099/17179,8070,12099,17179
59073/67009,8066,59073,67009
76101/96121,8066,96121,76101
42091/43819,8063,42091,43819
11369/12129,8062,12129,11369
85079/85099,8062,85079,85099
28091/28501,8060,28501,28091
40231/44269,8059,40231,44269
21671/28091,8059,28091,21671
96129/96149,8057,96129,96149
20129/28009,8055,20129,28009
46009/46229,8054,46229,46009
46749/58211,8045,58211,46749
57119/59073,8044,57119,59073
22009/45009,8043,22009,45009
84039/84281,8038,84281,84039
10161/10191,8037,10161,10191
45009/45361,8036,45009,45361
82061/92239,8031,82061,92239
28009/28521,8025,28009,28521
70221/81089,8024,70221,81089
21579/28091,8018,28091,21579
43009/43169,8015,43009,43169
28009/28551,8015,28551,28009
44031/45421,8010,45421,44031
59159/59201,8007,59159,59201
59079/95109,8006,95109,59079
20261/28009,8006,20261,28009
53121/53179,8004,53121,53179
22009/27159,8003,27159,22009
40019/50019,7996,50019,40019
46009/47671,7992,46009,47671
21561/28009,7986,28009,21561
81111/81141,7980,81111,81141
44009/44581,7980,44009,44581
63039/63291,7979,63039,63291
10017/10049,7976,10049,10017
41021/41041,7973,41021,41041
58009/58401,7971,58009,58401
65259/65431,7968,65259,65431
10041/10071,7967,10041,10071
45321/45371,7961,45321,45371
59009/59249,7957,59009,59249
22529/27231,7956,27231,22529
28031/28051,7952,28031,28051
64009/64579,7952,64009,64579
70271/81119,7951,81119,70271
62221/66359,7950,62221,66359
10169/10599,7950,10599,10169
28091/28541,7945,28541,28091
46008/46841,7941,46841,46008
44219/44731,7941,44219,44731
22009/27141,7940,27141,22009
63399/64009,7935,64009,63399
84009/93131,7934,84009,93131
54261/66421,7932,54261,66421
60121/60251,7931,60121,60251
10091/10111,7931,10091,10111
47629/58211,7924,58211,47629
43009/43311,7923,43311,43009
59121/59161,7921,59161,59121
11151/11161,7921,11151,11161
75089/75329,7921,75089,75329
22009/28099,7919,22009,28099
14141/14381,7913,14381,14141
46069/46171,7909,46069,46171
63289/66359,7908,66359,63289
52171/52341,7904,52171,52341
14141/15051,7900,14141,15051
64461/67409,7898,67409,64461
50038/50199,7895,50199,50038
85099/85109,7894,85109,85099
59009/59401,7893,59401,59009
40019/50089,7881,50089,40019
65029/65069,7873,65069,65029
65439/67409,7867,67409,65439
53009/53251,7866,53009,53251
84039/84569,7866,84039,84569
84009/84599,7865,84599,84009
10009/14279,7865,10009,14279
83062/84031,7862,83062,84031
59331/59569,7862,59569,59331
75009/98319,7858,98319,75009
54019/54248,7852,54248,54019
84031/94039,7852,94039,84031
30039/44009,7852,44009,30039
96041/97031,7849,96041,97031
65191/76141,7837,76141,65191
59073/95109,7836,59073,95109
62039/66359,7833,66359,62039
11169/11519,7826,11169,11519
30129/43571,7819,43571,30129
54009/56059,7819,56059,54009
53051/53121,7811,53121,53051
58011/59009,7810,59009,58011
17179/20239,7807,20239,17179
65199/95129,7800,65199,95129
17021/17171,7796,17021,17171
42159/43199,7795,43199,42159
44029/45139,7794,45139,44029
14119/14389,7792,14119,14389
40019/50059,7788,50059,40019
47041/58119,7784,47041,58119
53009/53369,7783,53369,53009
12109/17171,7780,12109,17171
44099/44539,7780,44539,44099
64381/65029,7778,65029,64381
43069/44351,7777,44351,43069
64009/64069,7777,64069,64009
24009/24389,7774,24009,24389
11051/11161,7772,11051,11161
59072/59421,7768,59072,59421
63099/64009,7766,63099,64009
54248/55131,7755,54248,55131
77009/78161,7754,77009,78161
68029/68119,7753,68119,68029
21219/28091,7744,28091,21219
75009/96121,7744,96121,75009
47619/58251,7743,58251,47619
11149/11519,7737,11149,11519
59039/59049,7736,59049,59039
59041/67559,7733,67559,59041
22529/23049,7732,23049,22529
17179/43189,7729,43189,17179
24009/24239,7723,24009,24239
28091/28571,7723,28571,28091
60119/60179,7721,60179,60119
61031/70031,7714,70031,61031
82009/82069,7714,82069,82009
52009/52351,7714,52009,52351
84009/84701,7713,84009,84701
75009/75051,7709,75051,75009
76109/96161,7706,76109,96161
77311/77321,7706,77321,77311
62139/63019,7704,63019,62139
46479/58211,7699,58211,46479
64481/66009,7697,66009,64481
22009/44029,7694,22009,44029
46181/46779,7692,46779,46181
22009/28521,7690,28521,22009
40041/40111,7683,40041,40111
75009/76449,7682,75009,76449
41081/42031,7679,41081,42031
46008/46779,7679,46779,46008
19039/19081,7678,19039,19081
54199/55509,7676,55509,54199
95061/95131,7674,95131,95061
46009/46181,7672,46009,46181
46651/46691,7672,46691,46651
53231/66339,7664,66339,53231
44261/44739,7658,44739,44261
59031/59041,7654,59031,59041
64009/64249,7648,64009,64249
14161/14249,7647,14249,14161
77009/78099,7646,77009,78099
55509/64499,7645,64499,55509
16019/16039,7638,16039,16019
59073/59619,7635,59073,59619
84009/84311,7630,84009,84311
46009/47819,7616,47819,46009
54269/63389,7614,63389,54269
77321/78229,7613,78229,77321
17179/17189,7612,17189,17179
77009/78229,7610,78229,77009
64351/64541,7605,64541,64351
43009/43379,7604,43009,43379
21069/28091,7600,28091,21069
75009/76109,7592,75009,76109
17179/20029,7590,20029,17179
52481/52539,7587,52539,52481
21691/28091,7585,28091,21691
58511/59072,7581,58511,59072
25691/25701,7580,25691,25701
44009/45411,7578,44009,45411
40019/40109,7576,40109,40019
46731/58219,7570,46731,58219
55211/55301,7566,55301,55211
44251/44261,7566,44251,44261
63349/64009,7560,64009,63349
63241/75009,7560,75009,63241
66499/67601,7560,67601,66499
54009/56051,7557,54009,56051
59061/59079,7555,59061,59079
22009/27231,7554,22009,27231
76081/76101,7554,76081,76101
55029/55509,7554,55509,55029
67009/67139,7554,67009,67139
60179/60221,7552,60179,60221
11361/11389,7550,11361,11389
65191/95209,7550,95209,65191
59072/59339,7539,59072,59339
70349/81081,7539,81081,70349
62261/64009,7538,62261,64009
53009/53391,7537,53009,53391
84009/84149,7536,84009,84149
75271/76141,7529,76141,75271
77009/77261,7528,77009,77261
59239/59419,7524,59239,59419
57119/59261,7518,59261,57119
28009/28669,7513,28669,28009
65199/95151,7512,65199,95151
76039/96129,7505,76039,96129
40189/50069,7501,50069,40189
40101/50021,7498,40101,50021
50189/52009,7488,50189,52009
54221/54241,7484,54221,54241
46009/84009,7484,46009,84009
62139/63389,7479,63389,62139
55509/66461,7471,55509,66461
84051/85091,7471,84051,85091
62071/75259,7464,75259,62071
59051/59079,7463,59051,59079
76181/76191,7461,76191,76181
17171/28639,7460,17171,28639
10009/14249,7458,10009,14249
52059/52481,7456,52059,52481
82009/82029,7455,82009,82029
72071/82061,7454,82061,72071
28299/28341,7453,28299,28341
59079/59331,7445,59331,59079
11189/19019,7442,19019,11189
64009/64081,7438,64009,64081
16011/16061,7432,16011,16061
52009/52161,7431,52009,52161
15221/16011,7430,15221,16011
66491/67609,7428,66491,67609
44639/44809,7424,44809,44639
46008/46011,7422,46008,46011
53121/53141,7422,53121,53141
42151/43181,7422,42151,43181
65059/67409,7420,65059,67409
46009/46921,7419,46009,46921
46069/46179,7419,46179,46069
46009/46289,7418,46289,46009
84009/84341,7417,84009,84341
10169/10389,7413,10389,10169
71091/83109,7408,71091,83109
46771/46921,7397,46771,46921
46009/46221,7395,46009,46221
59419/59429,7382,59419,59429
59401/59561,7374,59561,59401
17041/17251,7374,17041,17251
10191/10291,7373,10191,10291
44791/45009,7372,45009,44791
46009/47581,7370,46009,47581
59111/75009,7369,75009,59111
71169/71201,7369,71201,71169
81111/92229,7369,81111,92229
22009/27419,7369,27419,22009
44439/44531,7369,44531,44439
77039/78069,7367,77039,78069
75009/76259,7367,75009,76259
58219/58511,7366,58219,58511
44009/44099,7365,44099,44009
44009/44569,7362,44009,44569
54009/66439,7361,66439,54009
82029/82049,7357,82049,82029
65071/65191,7356,65191,65071
75081/75159,7347,75159,75081
46009/76149,7347,46009,76149
22519/22529,7346,22529,22519
42151/42181,7346,42151,42181
11141/11161,7339,11141,11161
44291/45009,7335,45009,44291
28341/43759,7333,43759,28341
21501/22009,7327,21501,22009
12071/17179,7325,17179,12071
47611/59073,7324,47611,59073
71099/72069,7324,72069,71099
30021/44251,7324,30021,44251
10161/10239,7322,10161,10239
59421/59449,7322,59421,59449
55509/64119,7321,55509,64119
46008/46579,7316,46008,46579
52009/52409,7311,52409,52009
22499/27389,7310,27389,22499
64009/64331,7309,64331,64009
30031/44251,7304,30031,44251
53209/54009,7299,54009,53209
77009/78059,7296,77009,78059
53029/53059,7295,53059,53029
52079/52189,7287,52189,52079
43041/43061,7287,43041,43061
84201/84239,7286,84239,84201
43571/43831,7286,43571,43831
64009/64321,7281,64321,64009
60059/80109,7270,60059,80109
52009/52141,7267,52009,52141
54009/54589,7261,54009,54589
22521/27409,7252,27409,22521
44031/45279,7251,45279,44031
50169/52009,7249,50169,52009
46008/46859,7239,46859,46008
14129/14281,7237,14281,14129
72021/83101,7235,83101,72021
22009/22141,7232,22141,22009
55509/64111,7230,64111,55509
75009/76209,7225,76209,75009
65041/67009,7221,65041,67009
82029/82069,7217,82069,82029
76031/76091,7215,76091,76031
46771/57119,7215,46771,57119
75009/76089,7212,76089,75009
17161/17171,7209,17161,17171
46009/46401,7206,46009,46401
22009/22369,7206,22369,22009
81129/92161,7201,92161,81129
54009/54451,7195,54009,54451
54371/66381,7193,66381,54371
46009/46881,7192,46009,46881
59009/59291,7190,59009,59291
28331/28461,7183,28331,28461
44009/44269,7178,44269,44009
53341/53381,7178,53381,53341
46009/46709,7177,46009,46709
46069/47041,7173,46069,47041
21661/28091,7171,21661,28091
11369/19059,7160,11369,19059
17061/17171,7151,17171,17061
21599/28099,7151,28099,21599
59161/59379,7151,59379,59161
44009/44259,7150,44259,44009
84301/84451,7144,84301,84451
10201/10341,7133,10341,10201
27109/44539,7132,44539,27109
84239/84351,7129,84239,84351
77009/77181,7128,77009,77181
55131/55189,7121,55131,55189
63011/66009,7121,66009,63011
53231/54299,7118,54299,53231
75231/84009,7114,75231,84009
68021/68111,7108,68021,68111
52009/70119,7107,70119,52009
42151/43009,7104,42151,43009
21561/21591,7095,21561,21591
58009/58531,7093,58009,58531
67379/67401,7092,67379,67401
63369/66359,7092,63369,66359
59561/59631,7087,59561,59631
77321/78111,7086,78111,77321
84009/84449,7086,84449,84009
27101/44531,7085,27101,44531
59311/59561,7085,59311,59561
67009/67199,7079,67199,67009
81181/92179,7068,81181,92179
64009/66589,7064,64009,66589
54241/55139,7062,55139,54241
64119/66351,7056,64119,66351
46008/46399,7051,46399,46008
65061/67009,7049,67009,65061
84009/84339,7049,84009,84339
52169/52559,7046,52169,52559
21631/28091,7046,21631,28091
57021/59079,7046,57021,59079
67009/67671,7044,67009,67671
57119/59231,7042,59231,57119
43009/43581,7041,43009,43581
59073/59449,7041,59073,59449
57119/59159,7037,57119,59159
47621/58219,7036,47621,58219
63209/66359,7033,63209,66359
22009/43349,7033,22009,43349
52291/52559,7031,52291,52559
21391/22009,7027,21391,22009
44009/44181,7025,44009,44181
75359/76191,7025,75359,76191
84009/84591,7019,84009,84591
55151/55189,7018,55151,55189
76071/76101,7017,76071,76101
11071/11169,7017,11169,11071
10009/14259,7013,14259,10009
59073/59559,7010,59073,59559
64101/66009,7007,66009,64101
22009/22401,7006,22401,22009
54379/66389,7005,54379,66389
63029/63039,7002,63039,63029
67009/67251,6992,67251,67009
21509/22009,6991,22009,21509
60191/80101,6981,80101,60191
44639/44869,6978,44869,44639
67009/67371,6977,67009,67371
83011/83062,6976,83011,83062
59051/59139,6976,59051,59139
10009/14399,6974,10009,14399
52009/70121,6973,52009,70121
28009/28279,6971,28279,28009
15041/15051,6969,15041,15051
46009/46301,6967,46009,46301
65009/65389,6966,65389,65009
63031/63249,6966,63031,63249
45009/45421,6965,45009,45421
75009/75219,6965,75219,75009
76241/95109,6965,76241,95109
77009/77289,6963,77009,77289
22009/28509,6963,22009,28509
43579/44079,6960,44079,43579
72019/82009,6957,72019,82009
21421/28409,6953,21421,28409
46009/46801,6952,46009,46801
54009/54449,6952,54009,54449
77009/78121,6947,78121,77009
54248/54289,6946,54289,54248
25429/26461,6935,26461,25429
60159/60161,6934,60159,60161
77009/78091,6929,78091,77009
60229/80101,6928,80101,60229
53239/54371,6928,53239,54371
28339/28631,6926,28339,28631
14141/15041,6926,14141,15041
83062/84571,6919,83062,84571
44009/45411,6912,45411,44009
54009/66389,6909,54009,66389
70271/70281,6909,70271,70281
85091/85101,6907,85091,85101
96041/96061,6903,96041,96061
43009/43681,6902,43681,43009
46009/46811,6900,46009,46811
75009/76339,6897,76339,75009
46009/47071,6893,46009,47071
46009/46349,6893,46349,46009
70211/81089,6892,70211,81089
84031/85061,6891,84031,85061
10169/10231,6889,10231,10169
46009/46769,6886,46769,46009
10399/14141,6886,10399,14141
82032/84031,6882,82032,84031
63059/66351,6881,63059,66351
76039/98099,6880,98099,76039
64381/64571,6877,64571,64381
96129/96169,6873,96129,96169
85099/96429,6871,96429,85099
57111/59079,6866,59079,57111
44771/45009,6861,45009,44771
22009/27159,6860,22009,27159
58009/58521,6859,58009,58521
52089/60269,6851,60269,52089
60159/60229,6850,60229,60159
40181/50229,6847,40181,50229
76039/76239,6840,76239,76039
18071/28009,6839,18071,28009
46009/68119,6830,68119,46009
58011/59079,6828,59079,58011
22599/27389,6823,27389,22599
54009/54271,6822,54009,54271
21449/21591,6819,21591,21449
45131/46031,6807,45131,46031
84039/84219,6807,84219,84039
45269/45329,6805,45329,45269
53169/53231,6804,53169,53231
46771/58301,6802,46771,58301
50179/52009,6801,50179,52009
59081/59561,6799,59081,59561
64471/66009,6794,66009,64471
64621/67601,6791,67601,64621
22009/23181,6789,23181,22009
28009/28649,6788,28009,28649
22521/27419,6788,27419,22521
55229/55509,6784,55509,55229
67009/67239,6782,67009,67239
17049/17079,6781,17079,17049
10161/10181,6779,10161,10181
10009/10139,6778,10139,10009
75009/98019,6773,98019,75009
58009/58501,6771,58009,58501
92049/92231,6769,92231,92049
81181/92101,6766,81181,92101
75009/76291,6765,75009,76291
40321/43009,6762,43009,40321
72019/83062,6761,72019,83062
59239/59399,6760,59239,59399
64541/75009,6757,75009,64541
21439/22009,6756,21439,22009
22009/27281,6756,22009,27281
52009/52509,6754,52009,52509
58219/58269,6753,58219,58269
60161/60229,6753,60229,60161
96049/96069,6750,96069,96049
75009/75099,6748,75009,75099
16011/16041,6746,16011,16041
66351/67059,6746,66351,67059
28009/28409,6745,28009,28409
84081/85099,6743,85099,84081
52009/60159,6742,52009,60159
46779/58309,6741,58309,46779
44281/44531,6738,44281,44531
65149/65251,6738,65149,65251
44009/45401,6736,44009,45401
80071/81011,6736,80071,81011
65009/75351,6734,75351,65009
11161/11351,6732,11161,11351
70269/81111,6730,70269,81111
77009/77169,6730,77169,77009
10161/14291,6727,10161,14291
46381/46529,6727,46529,46381
59429/59639,6726,59639,59429
43571/44071,6722,43571,44071
17171/20249,6720,17171,20249
21581/22009,6715,21581,22009
43571/43581,6711,43571,43581
75351/76141,6710,76141,75351
58011/59111,6709,59111,58011
62139/63301,6708,63301,62139
84041/85091,6706,84041,85091
54229/54248,6704,54248,54229
46009/59111,6703,59111,46009
76039/76099,6703,76039,76099
64389/64431,6698,64389,64431
60261/61021,6695,60261,61021
83062/84551,6690,83062,84551
46669/46779,6689,46779,46669
96129/96161,6684,96129,96161
46009/46359,6683,46359,46009
22009/27461,6683,27461,22009
76061/95029,6682,95029,76061
76031/98011,6681,76031,98011
43009/43489,6674,43009,43489
66049/66351,6672,66351,66049
45071/45131,6668,45071,45131
59009/59631,6667,59631,59009
54009/66431,6664,54009,66431
63249/75009,6661,63249,75009
75271/76199,6661,76199,75271
22009/27171,6654,22009,27171
16891/17171,6650,16891,17171
63099/63241,6644,63099,63241
76069/95029,6644,76069,95029
44269/44731,6638,44269,44731
72069/83109,6637,72069,83109
46009/46451,6637,46009,46451
53231/53339,6629,53339,53231
52009/52369,6628,52009,52369
44269/44779,6628,44269,44779
92049/93029,6626,93029,92049
59111/59569,6626,59569,59111
46009/46311,6622,46009,46311
76061/95129,6622,95129,76061
30049/44531,6622,44531,30049
11191/17171,6619,11191,17171
22009/43341,6619,43341,22009
22009/22431,6617,22431,22009
55509/64479,6613,64479,55509
44009/44471,6613,44471,44009
65199/77009,6612,65199,77009
67409/67489,6609,67409,67489
64009/64481,6597,64481,64009
84009/84121,6587,84121,84009
52009/52479,6586,52479,52009
44029/44121,6586,44121,44029
81111/81161,6586,81111,81161
21441/28409,6579,21441,28409
40011/40031,6576,40011,40031
55201/55509,6566,55201,55509
59429/59719,6561,59719,59429
68111/95109,6561,68111,95109
76189/76199,6557,76189,76199
55189/55231,6556,55231,55189
76031/78051,6553,76031,78051
80279/90069,6553,80279,90069
92041/93021,6551,92041,93021
63371/64009,6550,63371,64009
22009/22021,6549,22021,22009
17171/20341,6544,20341,17171
17179/17379,6543,17379,17179
60229/60261,6542,60229,60261
28339/28469,6539,28469,28339
67009/84009,6538,84009,67009
67591/67601,6538,67591,67601
63361/66371,6537,66371,63361
76211/76221,6536,76211,76221
23359/24009,6536,24009,23359
52179/52361,6532,52361,52179
64129/66359,6532,64129,66359
45321/45359,6531,45359,45321
21569/21599,6526,21599,21569
54009/54291,6524,54009,54291
55151/55509,6515,55151,55509
76031/76081,6512,76081,76031
22009/22159,6511,22009,22159
75009/76411,6511,75009,76411
64009/64071,6509,64009,64071
57129/75009,6509,57129,75009
84009/84639,6506,84009,84639
24709/26151,6502,24709,26151
84009/84021,6495,84021,84009
63391/64009,6494,63391,64009
10481/10599,6493,10481,10599
22009/22289,6490,22289,22009
28409/28499,6490,28409,28499
22529/27261,6490,27261,22529
53231/54621,6489,54621,53231
14141/14161,6487,14141,14161
75009/75031,6485,75031,75009
59119/75009,6484,59119,75009
22521/27429,6477,27429,22521
28009/28039,6476,28009,28039
25421/26299,6476,25421,26299
22009/44141,6470,22009,44141
54009/63241,6469,63241,54009
59059/75009,6469,59059,75009
63201/66351,6468,66351,63201
46069/46581,6465,46069,46581
54209/54241,6464,54209,54241
10119/11169,6462,11169,10119
59009/59051,6460,59051,59009
64381/64429,6459,64429,64381
21231/28091,6459,28091,21231
84021/84119,6459,84021,84119
22009/22011,6457,22011,22009
53041/53121,6452,53121,53041
63039/64019,6450,64019,63039
42151/43419,6450,42151,43419
46149/46179,6446,46179,46149
17179/20039,6440,20039,17179
75009/77289,6436,75009,77289
52059/52189,6436,52059,52189
22009/27369,6436,27369,22009
65191/77331,6433,77331,65191
59041/95129,6432,95129,59041
22009/28461,6430,28461,22009
14129/15169,6430,15169,14129
54399/54659,6430,54659,54399
17049/20299,6426,20299,17049
21259/22009,6425,21259,22009
45319/45329,6423,45329,45319
44251/44399,6422,44399,44251
53189/54009,6421,54009,53189
78069/78081,6419,78081,78069
46779/46911,6418,46911,46779
83101/92049,6418,92049,83101
44031/45269,6417,45269,44031
11141/11151,6413,11141,11151
10209/10329,6405,10329,10209
54269/66429,6404,66429,54269
54381/66381,6404,66381,54381
58251/58289,6399,58251,58289
22009/27231,6398,27231,22009
59009/59429,6396,59429,59009
59429/59439,6396,59439,59429
40239/44261,6395,44261,40239
65009/65459,6389,65009,65459
43009/43669,6389,43669,43009
57129/59073,6389,57129,59073
24009/24269,6388,24269,24009
71079/83101,6386,83101,71079
51049/51059,6384,51059,51049
58259/58371,6384,58371,58259
84059/84231,6383,84231,84059
43009/43579,6383,43579,43009
78069/95109,6375,78069,95109
12109/17179,6375,12109,17179
65199/77339,6371,65199,77339
10161/13139,6371,13139,10161
65071/67009,6370,67009,65071
28009/28291,6369,28009,28291
43009/43739,6368,43009,43739
65009/65551,6367,65009,65551
55189/68029,6366,68029,55189
11511/14141,6364,14141,11511
54209/55509,6363,55509,54209
14141/17041,6362,14141,17041
65199/75231,6355,65199,75231
46771/47671,6355,46771,47671
84009/93049,6354,84009,93049
21619/22009,6354,22009,21619
10161/10359,6350,10161,10359
46639/47521,6342,47521,46639
82099/92041,6342,82099,92041
44009/44101,6339,44101,44009
53231/54531,6334,54531,53231
62271/64009,6330,62271,64009
64009/66331,6326,66331,64009
63099/83101,6325,83101,63099
10018/10391,6325,10391,10018
21449/22491,6323,21449,22491
63079/63099,6322,63099,63079
52009/60139,6322,52009,60139
44021/45131,6321,44021,45131
22499/22599,6320,22599,22499
75279/76191,6318,75279,76191
55031/59049,6313,59049,55031
83062/84561,6309,83062,84561
43231/43271,6309,43231,43271
75009/76329,6306,76329,75009
46779/59261,6305,59261,46779
46521/47069,6296,47069,46521
10379/14141,6292,10379,14141
77171/77351,6290,77351,77171
28401/28541,6286,28401,28541
66009/70051,6285,70051,66009
65171/65191,6282,65191,65171
46009/75009,6275,46009,75009
17049/17259,6270,17259,17049
77009/78219,6270,77009,78219
27431/27451,6264,27451,27431
76101/76421,6263,76101,76421
40011/50011,6262,40011,50011
46008/46289,6259,46289,46008
46009/47589,6259,47589,46009
17009/17211,6259,17211,17009
43239/43279,6258,43279,43239
84031/92041,6258,92041,84031
17171/43009,6256,17171,43009
10209/11511,6255,11511,10209
17179/19019,6254,17179,19019
17049/17239,6254,17239,17049
64009/64601,6247,64009,64601
71089/83101,6246,83101,71089
17179/28651,6242,28651,17179
52201/52559,6241,52201,52559
53201/54009,6239,53201,54009
59009/59299,6238,59009,59299
46471/58219,6238,46471,58219
45009/45261,6235,45009,45261
53121/53369,6228,53121,53369
59009/59041,6227,59041,59009
21779/28009,6226,28009,21779
83081/84009,6226,83081,84009
11161/11401,6226,11161,11401
59009/60081,6224,59009,60081
77069/77321,6217,77321,77069
46009/67449,6214,67449,46009
59131/59561,6214,59131,59561
77009/77269,6212,77269,77009
84009/92071,6209,92071,84009
63301/66359,6199,63301,66359
27439/27459,6193,27439,27459
10201/10321,6191,10201,10321
44109/44539,6190,44539,44109
65191/75239,6185,75239,65191
10421/10599,6184,10599,10421
77009/78141,6182,78141,77009
44619/44639,6181,44619,44639
67009/67141,6179,67141,67009
23491/24581,6177,24581,23491
53231/54609,6176,54609,53231
55111/55509,6175,55509,55111
10299/11169,6163,11169,10299
10041/14141,6162,10041,14141
44029/44131,6159,44131,44029
75239/84009,6157,84009,75239
43319/43389,6156,43389,43319
59041/59111,6153,59041,59111
44031/45411,6150,45411,44031
66009/66319,6149,66009,66319
75009/75219,6149,75009,75219
53381/54241,6148,53381,54241
59239/59389,6148,59239,59389
75341/84009,6147,84009,75341
24709/25549,6147,24709,25549
46071/46779,6145,46779,46071
84201/84249,6145,84249,84201
53041/53369,6144,53041,53369
76141/76541,6140,76141,76541
46009/46571,6139,46571,46009
11519/14129,6138,11519,14129
58339/59079,6138,59079,58339
44691/44771,6137,44691,44771
54009/54621,6134,54621,54009
46009/46119,6134,46009,46119
76101/76241,6128,76101,76241
83062/84009,6128,83062,84009
54269/54309,6127,54309,54269
10089/10169,6126,10089,10169
21429/28401,6125,28401,21429
52299/52559,6123,52559,52299
46009/46561,6116,46561,46009
75009/84479,6115,75009,84479
23201/24009,6114,24009,23201
21449/28511,6114,28511,21449
92049/92241,6113,92049,92241
62139/63109,6109,63109,62139
17029/17179,6109,17179,17029
75009/76111,6105,75009,76111
46779/75009,6102,75009,46779
21599/28399,6099,28399,21599
46779/57111,6098,57111,46779
45061/46009,6096,45061,46009
46008/46341,6083,46008,46341
60139/60159,6081,60159,60139
41051/41071,6080,41051,41071
55509/67051,6077,55509,67051
77009/77289,6076,77289,77009
80279/91099,6076,80279,91099
46229/46639,6074,46229,46639
70211/81119,6073,81119,70211
14009/14501,6073,14009,14501
52151/52161,6072,52151,52161
96309/96351,6067,96309,96351
50221/60199,6067,50221,60199
44009/45259,6066,45259,44009
10169/14199,6066,14199,10169
60121/60241,6064,60121,60241
60051/60121,6063,60051,60121
52049/52189,6060,52189,52049
67009/67101,6060,67009,67101
17009/28039,6059,28039,17009
81119/82029,6055,82029,81119
59073/65069,6055,59073,65069
53121/53151,6054,53121,53151
59041/59479,6053,59479,59041
76089/76109,6052,76109,76089
64409/67601,6051,67601,64409
59061/75009,6050,75009,59061
41071/41081,6050,41071,41081
55039/59041,6050,55039,59041
46111/46529,6048,46529,46111
64381/64409,6044,64409,64381
10091/11161,6042,10091,11161
11519/15059,6041,11519,15059
17171/43181,6037,17171,43181
76039/78069,6036,78069,76039
16229/17369,6034,17369,16229
46771/46811,6033,46771,46811
22009/22189,6033,22009,22189
84409/84451,6030,84409,84451
84039/84139,6029,84039,84139
81129/82081,6028,82081,81129
84031/84229,6026,84031,84229
17009/17041,6024,17009,17041
28401/28561,6022,28401,28561
75059/76089,6022,76089,75059
75009/98311,6013,75009,98311
22009/22299,6011,22009,22299
54009/56021,6007,54009,56021
76031/76241,6007,76031,76241
28099/28529,6007,28099,28529
46008/46589,6004,46008,46589
84471/84499,6000,84499,84471
28009/43349,6000,28009,43349
46009/46261,5999,46009,46261
55509/66479,5997,66479,55509
22009/22181,5997,22181,22009
76319/76359,5997,76359,76319
50031/50171,5995,50031,50171
24009/27519,5994,24009,27519
59009/59231,5993,59231,59009
50038/52099,5991,52099,50038
22009/28501,5990,28501,22009
71099/72079,5990,72079,71099
65191/96309,5989,96309,65191
65191/68119,5989,65191,68119
42091/42111,5985,42091,42111
47599/47671,5984,47599,47671
14141/28009,5983,14141,28009
63039/77281,5982,77281,63039
54269/54579,5979,54579,54269
65191/65439,5970,65191,65439
82061/83129,5969,82061,83129
50209/52009,5966,50209,52009
22009/44259,5965,44259,22009
46009/47821,5964,46009,47821
59009/59369,5963,59009,59369
46481/58219,5961,46481,58219
82061/83011,5960,82061,83011
59051/75009,5960,75009,59051
46469/58211,5959,58211,46469
58091/58211,5958,58091,58211
40351/43009,5957,43009,40351
76109/96129,5955,76109,96129
59072/59431,5955,59072,59431
14009/14399,5953,14399,14009
76191/77029,5949,77029,76191
52009/60081,5940,52009,60081
81189/82071,5940,82071,81189
44009/44109,5937,44009,44109
17009/20331,5936,17009,20331
50031/50201,5935,50031,50201
71091/72061,5933,71091,72061
82061/83151,5930,82061,83151
44281/45009,5930,45009,44281
17171/20331,5926,20331,17171
52059/66009,5926,66009,52059
43191/43419,5924,43191,43419
75009/76081,5921,75009,76081
52009/52261,5921,52009,52261
75009/75231,5919,75231,75009
84031/96259,5915,84031,96259
21529/22009,5915,21529,22009
52009/60159,5909,60159,52009
62271/64009,5908,64009,62271
81129/81149,5907,81149,81129
65009/65469,5906,65009,65469
10009/14339,5906,10009,14339
54261/64009,5904,54261,64009
65199/68111,5899,68111,65199
54181/54191,5896,54181,54191
21589/22009,5896,22009,21589
76181/76421,5896,76181,76421
66009/67059,5893,66009,67059
84009/96219,5892,96219,84009
71111/82061,5892,82061,71111
84009/92221,5891,84009,92221
58331/59073,5890,58331,59073
59009/59709,5887,59009,59709
46009/67441,5887,46009,67441
54241/54281,5886,54241,54281
84241/85091,5885,84241,85091
63059/64009,5884,64009,63059
66009/66409,5882,66009,66409
63249/64549,5881,64549,63249
45069/46009,5881,46009,45069
14129/14159,5880,14159,14129
80229/81119,5880,81119,80229
84009/84349,5876,84349,84009
46009/46649,5871,46649,46009
13121/40181,5867,13121,40181
75359/77331,5866,77331,75359
22009/27441,5859,27441,22009
23219/24009,5855,23219,24009
59091/59201,5854,59091,59201
44041/46101,5853,44041,46101
52009/52129,5846,52009,52129
65009/65331,5844,65009,65331
75009/77331,5844,77331,75009
52059/52389,5838,52389,52059
61099/61101,5835,61101,61099
50221/60121,5835,50221,60121
75009/95061,5834,75009,95061
28009/28251,5833,28009,28251
77009/77369,5831,77009,77369
46771/46821,5830,46771,46821
54261/63381,5830,54261,63381
65009/65461,5829,65461,65009
77009/77319,5829,77319,77009
75081/75329,5827,75329,75081
58219/59529,5826,58219,59529
75009/84031,5825,84031,75009
76101/76199,5818,76101,76199
17009/17279,5818,17279,17009
54009/54031,5817,54009,54031
54589/66389,5816,54589,66389
30031/44009,5814,30031,44009
75009/76529,5813,75009,76529
54009/66381,5809,66381,54009
53239/53391,5807,53239,53391
77321/78211,5804,78211,77321
24009/24461,5803,24461,24009
22009/22151,5803,22151,22009
63039/64409,5794,64409,63039
59461/59689,5793,59461,59689
12039/17009,5793,17009,12039
64009/64231,5792,64231,64009
70171/81081,5788,81081,70171
30041/44539,5786,30041,44539
60121/70101,5784,60121,70101
10181/10201,5784,10181,10201
57079/59073,5783,59073,57079
40329/43009,5781,40329,43009
25439/26261,5781,26261,25439
14129/15159,5775,15159,14129
63109/83101,5775,83101,63109
44221/44739,5772,44739,44221
21211/28099,5771,21211,28099
63051/66009,5770,66009,63051
54231/54241,5766,54231,54241
65009/65079,5764,65009,65079
40181/50991,5762,40181,50991
17009/17121,5761,17121,17009
28391/28519,5760,28391,28519
