BusStopCode,TIME_PER_HOUR,TOTAL_TRIPS
10009,9,19047
10011,9,2121
10017,9,2267
10018,9,4745
10021,9,740
10041,9,3009
10049,9,2100
10051,9,921
10059,9,804
10061,9,1234
10069,9,755
10071,9,5657
10079,9,4316
10081,9,4575
10089,9,3314
10091,9,4511
10099,9,3259
10101,9,1347
10109,9,743
10111,9,2948
10119,9,3368
10121,9,1292
10129,9,1889
10131,9,2320
10139,9,5728
10141,9,4865
10149,9,5801
10151,9,2124
10161,9,17855
10169,9,19318
10171,9,852
10179,9,786
10181,9,1420
10189,9,2250
10191,9,4499
10199,9,2629
10201,9,8681
10209,9,9686
10211,9,57
10219,9,78
10221,9,486
10229,9,347
10231,9,1368
10239,9,1100
10241,9,514
10249,9,1102
10261,9,664
10269,9,406
10271,9,601
10279,9,630
10281,9,2529
10289,9,701
10291,9,4532
10299,9,6354
10321,9,1316
10329,9,533
10331,9,1747
10339,9,2656
10341,9,1860
10349,9,5173
10351,9,1381
10359,9,477
10361,9,2387
10369,9,4916
10371,9,3030
10379,9,2049
10381,9,1314
10389,9,2324
10391,9,868
10399,9,808
10401,9,418
10409,9,382
10411,9,200
10419,9,190
10421,9,1654
10429,9,523
10431,9,272
10439,9,358
10441,9,478
10449,9,259
10451,9,190
10459,9,111
10461,9,330
10469,9,273
10471,9,465
10479,9,644
10481,9,1079
10489,9,1018
10499,9,669
10501,9,466
10519,9,1373
10599,9,2413
10651,9,1886
10659,9,445
11009,9,4595
11019,9,2946
11021,9,1920
11029,9,5202
11031,9,1004
11039,9,1051
11041,9,1357
11049,9,1180
11051,9,2384
11059,9,4856
11061,9,651
11069,9,211
11071,9,1914
11079,9,929
11081,9,345
11089,9,486
11091,9,658
11099,9,566
11101,9,2454
11109,9,1646
11111,9,2930
11119,9,3934
11131,9,410
11139,9,805
11141,9,4269
11149,9,4371
11151,9,1526
11159,9,880
11161,9,9230
11169,9,18184
11171,9,1316
11179,9,3445
11181,9,3517
11189,9,6516
11191,9,1105
11199,9,1959
11201,9,255
11209,9,914
11211,9,110
11219,9,241
11221,9,586
11229,9,436
11231,9,638
11239,9,681
11259,9,255
11261,9,1995
11269,9,1394
11271,9,338
11279,9,310
11281,9,64
11289,9,183
11291,9,566
11299,9,541
11301,9,170
11309,9,134
11311,9,81
11319,9,172
11321,9,113
11329,9,255
11331,9,248
11339,9,172
11341,9,640
11349,9,694
11351,9,798
11359,9,374
11361,9,5916
11369,9,10067
11379,9,496
11381,9,2212
11389,9,1773
11401,9,2441
11409,9,1113
11419,9,2711
11429,9,490
11439,9,1642
11441,9,318
11449,9,731
11451,9,291
11459,9,490
11469,9,52
11471,9,294
11479,9,47
11481,9,297
11489,9,138
11491,9,369
11499,9,288
11511,9,2926
11519,9,8819
11521,9,1734
11529,9,2211
11531,9,342
11539,9,651
11541,9,64
11551,9,289
11561,9,90
11579,9,451
11589,9,406
11599,9,294
11609,9,157
12021,9,336
12029,9,589
12031,9,1555
12039,9,709
12041,9,604
12049,9,547
12051,9,844
12059,9,461
12061,9,1958
12069,9,1150
12071,9,957
12079,9,1419
12081,9,198
12089,9,176
12091,9,2535
12099,9,4103
12101,9,5002
12109,9,5827
12111,9,466
12119,9,556
12121,9,1847
12129,9,1470
12131,9,248
12139,9,205
12141,9,190
12149,9,250
12151,9,100
12169,9,364
12179,9,1000
12189,9,236
12199,9,385
12201,9,1361
12209,9,590
12211,9,267
13011,9,1035
13019,9,2176
13021,9,207
13029,9,380
13031,9,418
13039,9,387
13041,9,425
13049,9,188
13051,9,1745
13059,9,1433
13062,9,420
13063,9,390
13069,9,1150
13071,9,496
13079,9,345
13081,9,861
13089,9,821
13091,9,1590
13099,9,920
13101,9,1434
13109,9,1132
13119,9,594
13121,9,2196
13139,9,2223
13141,9,849
13159,9,1037
13169,9,51
13171,9,150
13179,9,60
13181,9,60
13189,9,102
13191,9,2121
13199,9,844
13201,9,796
13209,9,334
14009,9,6355
14011,9,74
14019,9,484
14021,9,207
14029,9,2654
14031,9,2691
14039,9,1727
14041,9,2625
14049,9,1832
14051,9,1207
14059,9,1215
14061,9,103
14069,9,345
14071,9,88
14081,9,17
14089,9,31
14101,9,93
14109,9,95
14119,9,2503
14121,9,5524
14129,9,8036
14131,9,1303
14139,9,1426
14141,9,16602
14151,9,1179
14159,9,1755
14161,9,12399
14169,9,3245
14171,9,320
14179,9,320
14189,9,399
14191,9,2087
14199,9,1679
14201,9,1750
14209,9,1033
14211,9,801
14219,9,1312
14221,9,522
14229,9,589
14231,9,792
14239,9,1346
14241,9,6152
14249,9,3423
14259,9,1396
14269,9,2540
14271,9,808
14279,9,4720
14281,9,2493
14291,9,2057
14299,9,968
14309,9,979
14319,9,779
14329,9,1882
14331,9,831
14339,9,1083
14341,9,591
14349,9,665
14351,9,220
14359,9,940
14369,9,3312
14379,9,2084
14381,9,4113
14389,9,2035
14391,9,939
14399,9,1525
14471,9,995
14489,9,986
14491,9,896
14499,9,1064
14501,9,564
14509,9,753
14519,9,1184
14521,9,61
14529,9,16
14539,9,461
15041,9,5370
15049,9,5964
15051,9,12147
15059,9,7896
15071,9,379
15079,9,224
15091,9,95
15099,9,65
15111,9,250
15119,9,281
15121,9,117
15129,9,1669
15131,9,459
15139,9,5054
15141,9,921
15149,9,944
15151,9,4002
15159,9,2841
15161,9,2181
15169,9,3441
15181,9,536
15189,9,18
15191,9,1499
15199,9,2530
15201,9,159
15209,9,639
15211,9,73
15219,9,655
15221,9,1361
15229,9,1643
16009,9,2623
16011,9,4587
16019,9,6392
16021,9,217
16029,9,215
16031,9,2384
16039,9,542
16041,9,876
16049,9,2068
16051,9,362
16059,9,737
16061,9,1174
16069,9,2156
16071,9,338
16079,9,768
16081,9,664
16089,9,964
16091,9,691
16099,9,1910
16101,9,113
16109,9,105
16111,9,1436
16119,9,127
16121,9,299
16131,9,247
16139,9,345
16141,9,224
16149,9,913
16151,9,990
16159,9,3855
16161,9,1127
16169,9,267
16171,9,772
16179,9,506
16181,9,1927
16189,9,2326
16191,9,42
16199,9,252
16201,9,328
16209,9,390
16221,9,546
16229,9,1606
16231,9,453
16239,9,503
16241,9,25
16249,9,38
16891,9,790
16991,9,689
17009,9,28753
17011,9,378
17019,9,615
17021,9,898
17029,9,1432
17031,9,642
17039,9,672
17041,9,8602
17049,9,8766
17051,9,1438
17059,9,1770
17061,9,1858
17069,9,4009
17071,9,1384
17079,9,3206
17081,9,208
17091,9,939
17099,9,2653
17101,9,1060
17109,9,1227
17111,9,729
17119,9,1252
17121,9,1543
17129,9,2061
17131,9,214
17139,9,828
17141,9,898
17149,9,2151
17151,9,4090
17159,9,8133
17161,9,4798
17169,9,1755
17171,9,30033
17179,9,24085
17181,9,615
17189,9,3325
17191,9,1067
17201,9,5427
17211,9,992
17219,9,1170
17221,9,1103
17229,9,1920
17239,9,5136
17241,9,876
17249,9,654
17251,9,757
17259,9,1838
17269,9,741
17279,9,1272
17289,9,157
17291,9,58
17299,9,63
17301,9,242
17309,9,295
17311,9,449
17319,9,703
17321,9,355
17329,9,623
17331,9,224
17339,9,423
17351,9,86
17359,9,39
17361,9,231
17369,9,1273
17371,9,758
17379,9,707
17381,9,263
17389,9,636
18011,9,959
18019,9,2836
18021,9,994
18029,9,253
18041,9,450
18049,9,2261
18051,9,1234
18059,9,30
18061,9,32
18069,9,103
18071,9,1476
18079,9,5005
18081,9,21
18089,9,376
18101,9,1121
18109,9,1979
18111,9,1656
18119,9,683
18121,9,1834
18129,9,2476
18131,9,1090
18141,9,751
18149,9,1082
18151,9,386
18159,9,110
18179,9,13
18181,9,111
18189,9,73
18191,9,196
18199,9,16
18201,9,195
18211,9,251
18221,9,31
18239,9,39
18241,9,771
18249,9,13
18251,9,736
18261,9,1375
18269,9,46
18271,9,1482
18279,9,53
18281,9,289
18289,9,9
18301,9,626
18309,9,299
18311,9,482
18319,9,216
18321,9,291
18329,9,155
18331,9,2269
18339,9,344
19011,9,3758
19019,9,3828
19021,9,441
19029,9,474
19031,9,3985
19039,9,7037
19041,9,248
19049,9,367
19051,9,798
19059,9,740
19061,9,173
19069,9,149
19071,9,3397
19079,9,341
19081,9,2294
19089,9,2618
19091,9,547
19099,9,1164
20011,9,286
20019,9,3277
20021,9,1024
20029,9,1824
20031,9,476
20039,9,1257
20051,9,407
20059,9,1431
20061,9,63
20069,9,104
20081,9,344
20089,9,138
20101,9,2093
20109,9,4704
20121,9,517
20129,9,812
20131,9,297
20139,9,845
20141,9,338
20149,9,850
20151,9,151
20159,9,873
20161,9,225
20169,9,480
20171,9,226
20179,9,666
20181,9,550
20189,9,1105
20191,9,774
20199,9,1760
20201,9,1788
20209,9,985
20211,9,575
20219,9,1081
20231,9,2533
20239,9,4808
20241,9,59
20249,9,206
20251,9,205
20259,9,627
20261,9,678
20269,9,925
20271,9,1264
20281,9,1423
20289,9,669
20291,9,1593
20299,9,2242
20309,9,185
20319,9,433
20329,9,212
20331,9,329
20341,9,681
21011,9,523
21019,9,732
21021,9,40
21029,9,75
21041,9,58
21049,9,136
21051,9,51
21059,9,162
21069,9,828
21071,9,394
21079,9,1002
21089,9,540
21099,9,162
21109,9,463
21111,9,24
21119,9,8
21121,9,60
21129,9,203
21141,9,243
21149,9,410
21151,9,101
21159,9,168
21161,9,588
21169,9,110
21171,9,636
21179,9,1402
21181,9,113
21189,9,227
21191,9,143
21199,9,210
21201,9,28
21209,9,21
21211,9,448
21219,9,454
21229,9,396
21231,9,307
21239,9,249
21241,9,1237
21249,9,1107
21251,9,215
21259,9,47
21261,9,117
21269,9,226
21271,9,105
21279,9,293
21291,9,39
21299,9,141
21301,9,75
21309,9,114
21311,9,20
21319,9,211
21321,9,41
21329,9,369
21331,9,10
21339,9,295
21341,9,1
21351,9,162
21359,9,235
21361,9,672
21369,9,268
21371,9,3177
21379,9,3154
21381,9,504
21389,9,742
21391,9,959
21399,9,1767
21409,9,194
21411,9,202
21419,9,726
21421,9,3988
21429,9,3510
21431,9,2339
21439,9,777
21441,9,4753
21449,9,5972
21451,9,1149
21459,9,1856
21461,9,22
21469,9,30
21471,9,30
21479,9,41
21481,9,100
21489,9,40
21491,9,60
21499,9,276
21501,9,41
21509,9,439
21511,9,253
21519,9,109
21521,9,252
21529,9,41
21531,9,66
21539,9,19
21541,9,64
21549,9,22
21551,9,1721
21559,9,1221
21561,9,2789
21569,9,1807
21571,9,1183
21579,9,831
21581,9,2421
21589,9,1126
21591,9,5443
21599,9,3394
21601,9,3170
21609,9,2403
21611,9,1152
21619,9,682
21621,9,810
21629,9,136
21631,9,612
21639,9,492
21641,9,1111
21649,9,611
21651,9,1241
21659,9,177
21661,9,822
21669,9,346
21671,9,587
21679,9,306
21681,9,717
21689,9,1566
21691,9,420
21699,9,789
21711,9,235
21719,9,228
21751,9,80
21759,9,284
21761,9,381
21769,9,219
21771,9,897
21779,9,1791
22009,9,91777
22011,9,1142
22019,9,55
22021,9,445
22029,9,18
22031,9,106
22041,9,26
22049,9,40
22051,9,63
22059,9,127
22061,9,50
22069,9,535
22071,9,19
22079,9,203
22081,9,51
22089,9,160
22091,9,37
22141,9,69
22149,9,1022
22151,9,61
22159,9,384
22161,9,148
22169,9,398
22171,9,47
22179,9,444
22181,9,290
22189,9,2149
22191,9,163
22199,9,175
22219,9,174
22221,9,26
22229,9,214
22231,9,1013
22239,9,2038
22241,9,699
22249,9,1281
22251,9,454
22259,9,1655
22271,9,42
22281,9,100
22289,9,111
22299,9,223
22309,9,460
22319,9,63
22329,9,75
22331,9,163
22341,9,1308
22349,9,3002
22351,9,486
22359,9,1224
22361,9,222
22369,9,474
22391,9,106
22399,9,583
22401,9,430
22409,9,134
22411,9,623
22419,9,437
22421,9,4
22429,9,34
22431,9,81
22439,9,653
22441,9,966
22449,9,1572
22451,9,838
22459,9,1454
22461,9,731
22469,9,2295
22471,9,114
22479,9,264
22481,9,696
22489,9,492
22491,9,1361
22499,9,3150
22501,9,739
22509,9,327
22511,9,1802
22519,9,1485
22521,9,8507
22529,9,9545
22531,9,323
22539,9,579
22541,9,124
22549,9,297
22551,9,61
22559,9,33
22569,9,27
22591,9,1107
22599,9,4173
22609,9,36
23011,9,516
23019,9,58
23021,9,141
23029,9,33
23031,9,32
23039,9,2
23041,9,341
23049,9,194
23051,9,188
23059,9,109
23061,9,283
23069,9,235
23071,9,498
23079,9,271
23081,9,30
23089,9,20
23091,9,153
23099,9,10
23101,9,118
23109,9,39
23111,9,66
23119,9,26
23121,9,30
23129,9,47
23131,9,48
23139,9,109
23141,9,17
23149,9,75
23151,9,128
23159,9,18
23161,9,207
23169,9,54
23171,9,21
23179,9,51
23181,9,344
23189,9,280
23191,9,242
23199,9,13
23201,9,187
23209,9,35
23211,9,124
23219,9,98
23221,9,70
23229,9,134
23231,9,106
23239,9,548
23241,9,10
23249,9,23
23251,9,9
23259,9,78
23261,9,17
23269,9,332
23279,9,177
23281,9,128
23291,9,23
23301,9,105
23311,9,55
23321,9,19
23331,9,39
23341,9,30
23349,9,199
23351,9,33
23359,9,383
23361,9,4
23369,9,89
23371,9,458
23379,9,48
23389,9,279
23399,9,30
23409,9,89
23419,9,16
23429,9,125
23441,9,30
23449,9,153
23451,9,12
23461,9,34
23469,9,92
23471,9,126
23479,9,10
23481,9,65
23489,9,55
23491,9,701
23499,9,1331
23501,9,123
23509,9,17
23519,9,151
24009,9,11181
24021,9,29
24029,9,36
24041,9,221
24049,9,91
24089,9,72
24129,9,260
24139,9,125
24149,9,82
24169,9,100
24179,9,70
24189,9,240
24199,9,41
24209,9,72
24219,9,29
24229,9,116
24239,9,267
24249,9,194
24259,9,154
24269,9,82
24279,9,49
24289,9,104
24299,9,87
24301,9,31
24331,9,14
24339,9,37
24341,9,139
24349,9,162
24351,9,33
24359,9,33
24369,9,93
24379,9,130
24381,9,35
24389,9,304
24391,9,23
24401,9,15
24411,9,15
24421,9,123
24431,9,18
24441,9,14
24451,9,49
24461,9,326
24489,9,32
24499,9,32
24511,9,286
24519,9,157
24529,9,20
24531,9,41
24539,9,25
24541,9,110
24549,9,106
24559,9,31
24571,9,149
24581,9,514
24599,9,33
24601,9,142
24609,9,26
24611,9,54
24619,9,22
24621,9,112
24629,9,87
24631,9,40
24639,9,67
24641,9,39
24651,9,128
24671,9,17
24679,9,97
24681,9,21
24689,9,50
24691,9,37
24699,9,41
24701,9,1131
24709,9,1381
24711,9,238
24719,9,812
25009,9,75
25061,9,36
25069,9,61
25071,9,3
25079,9,77
25091,9,89
25099,9,79
25101,9,34
25109,9,37
25111,9,40
25119,9,136
25121,9,63
25129,9,223
25151,9,63
25161,9,30
25169,9,117
25171,9,34
25179,9,84
25181,9,83
25189,9,41
25201,9,394
25209,9,31
25219,9,101
25229,9,56
25231,9,30
25239,9,70
25269,9,382
25321,9,14
25329,9,9
25331,9,22
25339,9,11
25341,9,18
25349,9,14
25351,9,89
25359,9,27
25361,9,5
25369,9,59
25371,9,31
25379,9,25
25381,9,32
25389,9,9
25411,9,15
25421,9,1859
25429,9,753
25431,9,59
25439,9,596
25441,9,51
25449,9,38
25451,9,193
25459,9,37
25461,9,104
25469,9,26
25471,9,86
25479,9,69
25501,9,16
25509,9,66
25519,9,12
25531,9,13
25539,9,51
25541,9,131
25549,9,242
25551,9,15
25559,9,50
25571,9,141
25579,9,26
25589,9,94
25591,9,98
25599,9,9
25601,9,175
25609,9,6
25611,9,140
25621,9,37
25641,9,89
25651,9,10
25671,9,32
25681,9,35
25689,9,29
25691,9,999
25701,9,164
25709,9,98
25711,9,96
25719,9,46
25729,9,10
25741,9,30
25751,9,157
25761,9,69
25771,9,672
25781,9,333
25791,9,70
25811,9,25
25819,9,6
25821,9,96
26011,9,58
26031,9,83
26039,9,14
26041,9,24
26049,9,16
26051,9,35
26059,9,61
26061,9,17
26069,9,148
26071,9,104
26079,9,32
26081,9,116
26089,9,19
26091,9,72
26099,9,21
26109,9,16
26111,9,118
26121,9,46
26131,9,90
26141,9,51
26151,9,447
26161,9,32
26171,9,38
26201,9,23
26209,9,15
26211,9,32
26221,9,138
26241,9,43
26249,9,217
26251,9,53
26259,9,124
26261,9,828
26269,9,552
26279,9,100
26289,9,55
26299,9,281
26311,9,48
26321,9,31
26331,9,45
26349,9,211
26369,9,130
26379,9,113
26389,9,113
26399,9,122
26409,9,12
26419,9,74
26429,9,88
26441,9,33
26451,9,43
26461,9,330
27011,9,404
27021,9,214
27031,9,230
27041,9,450
27051,9,94
27061,9,632
27069,9,186
27071,9,402
27091,9,2283
27099,9,2206
27101,9,2570
27109,9,1791
27121,9,276
27129,9,255
27131,9,2218
27139,9,656
27141,9,1785
27149,9,308
27159,9,1216
27169,9,23
27171,9,1856
27179,9,212
27181,9,574
27189,9,254
27199,9,839
27209,9,181
27211,9,5596
27219,9,2856
27221,9,1213
27231,9,2619
27241,9,113
27251,9,577
27261,9,278
27271,9,3732
27279,9,3947
27281,9,484
27291,9,468
27301,9,2089
27309,9,2646
27311,9,563
27321,9,1354
27329,9,1302
27331,9,726
27341,9,1537
27349,9,1102
27351,9,2412
27359,9,1464
27361,9,1688
27369,9,2140
27371,9,739
27379,9,1819
27381,9,2255
27389,9,4713
27391,9,720
27399,9,1663
27401,9,1380
27409,9,1294
27411,9,1333
27419,9,1239
27421,9,98
27429,9,532
27431,9,1756
27439,9,1183
27441,9,666
27449,9,623
27451,9,1516
27459,9,1403
27461,9,854
27469,9,1341
27471,9,403
27479,9,147
27501,9,407
27509,9,220
27511,9,243
27519,9,159
27521,9,341
27529,9,175
27531,9,2296
27539,9,566
28009,9,51502
28011,9,350
28019,9,432
28021,9,1151
28029,9,1469
28031,9,2111
28039,9,3280
28041,9,2509
28049,9,1785
28051,9,1272
28059,9,2285
28061,9,554
28069,9,913
28071,9,642
28079,9,1638
28081,9,915
28089,9,1243
28091,9,26399
28099,9,11034
28101,9,475
28109,9,1026
28119,9,15
28169,9,27
28181,9,319
28189,9,320
28201,9,100
28211,9,575
28221,9,250
28229,9,2305
28231,9,390
28239,9,724
28241,9,1597
28249,9,3345
28251,9,681
28259,9,581
28261,9,105
28269,9,429
28271,9,150
28279,9,1162
28281,9,943
28289,9,3538
28291,9,2986
28299,9,5158
28301,9,858
28309,9,277
28311,9,1454
28319,9,2284
28321,9,1824
28329,9,3128
28331,9,4456
28339,9,6753
28341,9,2360
28349,9,171
28351,9,286
28359,9,1168
28361,9,189
28369,9,242
28371,9,150
28379,9,359
28381,9,774
28389,9,1065
28391,9,5887
28399,9,5559
28401,9,13589
28409,9,10051
28411,9,753
28421,9,348
28431,9,3085
28439,9,2764
28441,9,1251
28449,9,2238
28451,9,1812
28459,9,4506
28461,9,8761
28469,9,7157
28471,9,431
28481,9,469
28491,9,6936
28499,9,9942
28501,9,2844
28509,9,3659
28511,9,10589
28519,9,8724
28521,9,2512
28529,9,2625
28531,9,1419
28539,9,1781
28541,9,2503
28551,9,1354
28561,9,1794
28571,9,1975
28581,9,1472
28591,9,561
28601,9,524
28611,9,477
28621,9,1706
28629,9,1780
28631,9,4383
28639,9,3610
28641,9,3316
28649,9,3446
28651,9,2551
28659,9,1646
28661,9,501
28669,9,182
28671,9,1928
28679,9,813
28681,9,1774
28689,9,1503
28691,9,631
28699,9,690
28701,9,248
28709,9,368
29011,9,262
29019,9,874
29021,9,349
29029,9,1258
29031,9,1017
29039,9,209
29041,9,152
29049,9,85
29051,9,30
29059,9,29
29069,9,35
29071,9,393
29081,9,180
29089,9,36
29091,9,208
29099,9,123
29101,9,216
29109,9,127
29111,9,224
29119,9,94
29121,9,176
29129,9,126
29139,9,71
29149,9,187
29159,9,58
30011,9,240
30019,9,399
30021,9,381
30029,9,323
30031,9,788
30039,9,696
30041,9,180
30049,9,659
30051,9,10
30059,9,38
30081,9,167
30089,9,247
30091,9,70
30099,9,187
30101,9,33
30111,9,141
30119,9,19
30121,9,732
30129,9,164
31011,9,7
31031,9,225
31039,9,284
31041,9,32
31049,9,32
31051,9,283
31059,9,243
31061,9,59
31069,9,77
31071,9,27
31079,9,15
31151,9,160
31159,9,289
31161,9,18
31179,9,21
31191,9,6
32081,9,121
32089,9,188
32101,9,18
32111,9,32
32119,9,18
33019,9,4
33021,9,10
33029,9,3
33031,9,23
33041,9,99
33049,9,13
34009,9,113
34021,9,33
34029,9,12
34031,9,15
34039,9,18
34051,9,26
34059,9,16
34101,9,53
34109,9,23
40011,9,6363
40019,9,10077
40029,9,314
40031,9,1002
40039,9,615
40041,9,1478
40049,9,955
40051,9,1602
40059,9,606
40069,9,470
40071,9,1076
40079,9,249
40081,9,1457
40089,9,161
40091,9,518
40099,9,349
40101,9,1095
40109,9,1239
40111,9,1128
40119,9,571
40121,9,813
40129,9,1571
40171,9,354
40179,9,732
40181,9,2669
40189,9,6690
40191,9,258
40199,9,277
40201,9,355
40209,9,1171
40211,9,153
40219,9,404
40221,9,225
40229,9,3545
40231,9,2640
40239,9,4675
40249,9,244
40251,9,33
40271,9,733
40279,9,1250
40301,9,454
40309,9,237
40311,9,108
40321,9,455
40329,9,568
40339,9,399
40341,9,1135
40349,9,610
40351,9,182
40359,9,110
40361,9,116
40369,9,63
40371,9,23
40379,9,20
41011,9,680
41019,9,551
41021,9,4713
41029,9,2218
41031,9,920
41041,9,2723
41049,9,1922
41051,9,1725
41061,9,373
41069,9,2039
41071,9,1667
41079,9,1122
41081,9,2508
41089,9,357
41101,9,385
41109,9,316
41111,9,472
41119,9,610
41121,9,500
41129,9,783
41131,9,863
41139,9,860
41141,9,304
41151,9,67
41159,9,63
41169,9,199
42011,9,1512
42019,9,2404
42021,9,687
42029,9,1474
42031,9,1522
42039,9,1386
42041,9,2920
42049,9,371
42051,9,5947
42059,9,4280
42061,9,595
42071,9,3284
42089,9,5305
42091,9,2687
42099,9,2362
42109,9,1366
42111,9,623
42119,9,1183
42129,9,947
42131,9,198
42139,9,127
42141,9,297
42149,9,560
42151,9,4118
42159,9,7295
42161,9,2356
42169,9,2583
42171,9,609
42179,9,589
42181,9,564
42189,9,2215
42191,9,284
42199,9,531
42201,9,88
42209,9,256
42211,9,445
42219,9,395
42221,9,555
42229,9,293
42231,9,897
42239,9,647
42241,9,258
42249,9,367
42259,9,1378
42291,9,130
42299,9,141
42301,9,189
42309,9,319
42311,9,3534
42319,9,4288
42991,9,430
43009,9,27347
43011,9,516
43019,9,1904
43021,9,428
43029,9,550
43041,9,1080
43049,9,544
43051,9,422
43059,9,705
43061,9,3300
43069,9,3252
43071,9,59
43081,9,196
43089,9,495
43091,9,146
43099,9,707
43109,9,655
43111,9,372
43119,9,682
43121,9,292
43129,9,529
43131,9,217
43139,9,433
43141,9,339
43149,9,882
43151,9,5
43159,9,43
43161,9,3474
43169,9,2757
43171,9,2152
43179,9,2772
43181,9,3551
43189,9,8575
43191,9,1423
43199,9,1503
43201,9,326
43209,9,478
43211,9,505
43219,9,505
43221,9,606
43229,9,395
43231,9,1165
43239,9,1207
43241,9,1579
43249,9,977
43251,9,1730
43259,9,1493
43261,9,1034
43267,9,206
43268,9,947
43271,9,3433
43279,9,1494
43289,9,206
43291,9,357
43301,9,265
43309,9,235
43311,9,638
43319,9,2425
43321,9,1696
43329,9,1149
43331,9,1326
43339,9,966
43341,9,2318
43349,9,2197
43351,9,1192
43359,9,452
43361,9,1411
43369,9,642
43371,9,2145
43379,9,1466
43381,9,1296
43389,9,2267
43391,9,863
43399,9,202
43401,9,3240
43409,9,2618
43411,9,5776
43419,9,5724
43421,9,1776
43429,9,1786
43431,9,1213
43439,9,794
43441,9,1044
43449,9,1378
43452,9,53
43453,9,309
43459,9,319
43461,9,180
43469,9,110
43471,9,1163
43479,9,556
43481,9,1931
43489,9,419
43491,9,3807
43499,9,2725
43501,9,762
43509,9,1812
43511,9,881
43519,9,1272
43521,9,1664
43529,9,1706
43531,9,1685
43539,9,1892
43541,9,828
43549,9,1183
43561,9,103
43569,9,68
43571,9,4352
43579,9,7376
43581,9,758
43589,9,1446
43591,9,354
43599,9,334
43601,9,190
43609,9,221
43611,9,1043
43619,9,2570
43621,9,272
43629,9,632
43631,9,263
43639,9,152
43641,9,2445
43649,9,945
43659,9,853
43669,9,344
43671,9,303
43679,9,1061
43681,9,471
43691,9,1533
43699,9,2581
43701,9,949
43709,9,1028
43719,9,217
43721,9,90
43731,9,502
43739,9,321
43741,9,233
43749,9,232
43751,9,379
43759,9,915
43761,9,90
43769,9,227
43771,9,29
43779,9,27
43781,9,204
43789,9,440
43801,9,667
43809,9,937
43811,9,1390
43819,9,356
43821,9,696
43829,9,285
43831,9,822
43839,9,747
43841,9,1544
43891,9,57
43899,9,49
43961,9,265
43969,9,256
43991,9,195
44009,9,40957
44011,9,219
44019,9,270
44021,9,2885
44029,9,7802
44031,9,12398
44041,9,1688
44049,9,1342
44051,9,532
44059,9,753
44061,9,260
44069,9,1115
44071,9,1702
44079,9,1492
44081,9,373
44089,9,996
44091,9,2904
44099,9,2200
44101,9,491
44109,9,469
44111,9,906
44119,9,1080
44121,9,1523
44129,9,889
44131,9,2150
44139,9,1255
44141,9,4268
44149,9,2101
44151,9,1176
44159,9,926
44161,9,502
44169,9,528
44171,9,42
44179,9,93
44181,9,458
44189,9,1559
44191,9,40
44199,9,90
44201,9,1859
44209,9,1288
44211,9,966
44219,9,976
44221,9,2833
44229,9,6163
44231,9,1236
44239,9,1202
44241,9,2097
44249,9,1412
44251,9,6616
44259,9,7324
44261,9,8075
44269,9,5735
44271,9,1068
44279,9,825
44281,9,2219
44289,9,2706
44291,9,6827
44299,9,6910
44301,9,3574
44311,9,1597
44321,9,854
44329,9,3122
44331,9,421
44339,9,701
44341,9,595
44349,9,913
44351,9,1257
44359,9,356
44361,9,149
44369,9,170
44371,9,735
44379,9,277
44381,9,1034
44389,9,491
44391,9,1228
44399,9,1457
44411,9,345
44421,9,482
44439,9,690
44441,9,602
44449,9,468
44451,9,1180
44459,9,1998
44461,9,1269
44469,9,1667
44471,9,620
44479,9,367
44481,9,255
44489,9,233
44491,9,464
44499,9,1248
44501,9,1079
44509,9,3093
44511,9,897
44519,9,1120
44521,9,459
44529,9,1079
44531,9,7165
44539,9,7870
44541,9,223
44549,9,120
44551,9,2430
44559,9,2069
44561,9,305
44569,9,1678
44571,9,887
44579,9,2593
44581,9,698
44589,9,439
44591,9,1719
44599,9,370
44601,9,429
44609,9,460
44611,9,1135
44619,9,1503
44621,9,2095
44629,9,3945
44631,9,431
44639,9,2535
44641,9,691
44649,9,683
44651,9,389
44659,9,635
44661,9,1436
44669,9,2031
44671,9,391
44679,9,407
44689,9,3781
44691,9,2419
44699,9,2394
44701,9,813
44709,9,775
44731,9,1762
44739,9,1578
44771,9,2475
44779,9,2007
44791,9,246
44799,9,352
44801,9,930
44809,9,1835
44811,9,513
44819,9,1124
44821,9,438
44829,9,821
44859,9,87
44861,9,1180
44869,9,1716
44871,9,1173
44879,9,1564
44881,9,217
44889,9,215
44891,9,94
44899,9,117
44909,9,111
44999,9,40
45009,9,15466
45011,9,190
45019,9,89
45021,9,668
45029,9,433
45031,9,370
45039,9,125
45041,9,198
45049,9,461
45051,9,415
45059,9,365
45061,9,1918
45069,9,2220
45071,9,649
45079,9,1040
45091,9,130
45099,9,212
45101,9,42
45109,9,49
45111,9,16
45119,9,11
45121,9,174
45129,9,225
45131,9,6030
45139,9,24551
45149,9,1
45151,9,23
45159,9,66
45161,9,13
45169,9,18
45171,9,89
45179,9,192
45199,9,29
45209,9,161
45211,9,152
45221,9,58
45229,9,14
45231,9,413
45239,9,605
45241,9,158
45249,9,722
45251,9,64
45259,9,406
45261,9,1461
45269,9,1181
45271,9,592
45279,9,946
45291,9,445
45299,9,1153
45301,9,1763
45309,9,2193
45311,9,1233
45319,9,1223
45321,9,8904
45329,9,9509
45339,9,274
45349,9,148
45351,9,329
45359,9,497
45361,9,916
45369,9,1628
45371,9,335
45379,9,710
45389,9,384
45399,9,887
45401,9,2469
45411,9,3959
45421,9,5288
45439,9,3280
45441,9,46
45449,9,52
45451,9,1146
45461,9,1675
45469,9,752
45489,9,648
45491,9,86
46008,9,16264
46009,9,101459
46011,9,727
46019,9,308
46021,9,468
46029,9,519
46031,9,642
46039,9,430
46041,9,545
46049,9,116
46051,9,505
46059,9,1829
46069,9,24078
46071,9,1051
46079,9,1753
46088,9,3628
46091,9,161
46101,9,37008
46109,9,25121
46111,9,1686
46119,9,2412
46121,9,1411
46129,9,2901
46131,9,51
46139,9,47
46141,9,1762
46149,9,1386
46151,9,2364
46159,9,1556
46161,9,51
46169,9,336
46171,9,3052
46179,9,4164
46181,9,1347
46189,9,3031
46191,9,1038
46199,9,689
46201,9,388
46209,9,298
46211,9,22795
46219,9,12530
46221,9,618
46229,9,995
46239,9,2116
46241,9,818
46249,9,445
46251,9,200
46261,9,925
46269,9,3398
46271,9,463
46279,9,2023
46281,9,1722
46289,9,2068
46291,9,382
46299,9,350
46301,9,638
46309,9,419
46311,9,314
46319,9,95
46321,9,488
46329,9,593
46331,9,2524
46339,9,1773
46341,9,696
46349,9,748
46351,9,227
46359,9,608
46361,9,498
46369,9,827
46371,9,855
46379,9,397
46381,9,617
46389,9,707
46391,9,2967
46399,9,3549
46401,9,307
46409,9,365
46411,9,862
46419,9,2257
46421,9,423
46429,9,1415
46431,9,461
46439,9,1565
46441,9,744
46449,9,1467
46451,9,419
46459,9,474
46461,9,1415
46469,9,966
46471,9,2486
46479,9,1590
46481,9,1165
46489,9,1693
46491,9,738
46499,9,1094
46501,9,3372
46509,9,2177
46511,9,1456
46519,9,911
46521,9,12065
46529,9,11848
46531,9,1779
46539,9,2807
46541,9,2628
46549,9,2469
46551,9,995
46559,9,802
46561,9,344
46569,9,362
46571,9,514
46579,9,391
46581,9,292
46589,9,206
46591,9,1733
46611,9,523
46619,9,557
46621,9,1022
46629,9,722
46631,9,1255
46639,9,4921
46641,9,1101
46649,9,1525
46651,9,1296
46659,9,2457
46661,9,806
46669,9,430
46671,9,2079
46679,9,1085
46681,9,935
46689,9,278
46691,9,907
46699,9,1030
46709,9,345
46711,9,823
46719,9,490
46721,9,214
46729,9,92
46731,9,394
46739,9,278
46741,9,504
46749,9,349
46761,9,2380
46769,9,1222
46771,9,10616
46779,9,29116
46781,9,307
46789,9,1119
46791,9,1573
46799,9,3282
46801,9,579
46809,9,1032
46811,9,601
46821,9,697
46831,9,2803
46841,9,3203
46851,9,1732
46859,9,915
46861,9,2296
46869,9,1712
46871,9,445
46879,9,595
46881,9,876
46891,9,133
46901,9,585
46911,9,665
46921,9,942
46931,9,514
46941,9,230
46951,9,599
46969,9,2364
46971,9,820
46979,9,2536
46981,9,1279
46989,9,1494
46999,9,1271
47011,9,44
47019,9,93
47021,9,35
47029,9,10
47031,9,114
47039,9,255
47041,9,2076
47049,9,1506
47051,9,464
47059,9,483
47061,9,551
47069,9,489
47071,9,887
47079,9,889
47081,9,277
47089,9,283
47091,9,218
47099,9,348
47101,9,199
47109,9,93
47111,9,608
47119,9,1039
47121,9,76
47129,9,10
47131,9,23
47141,9,10
47151,9,37
47169,9,23
47179,9,47
47189,9,2
47501,9,1397
47511,9,1141
47521,9,2380
47539,9,1146
47541,9,317
47549,9,340
47551,9,2097
47559,9,1594
47561,9,1467
47569,9,1036
47571,9,1489
47579,9,1037
47581,9,409
47589,9,612
47591,9,3632
47599,9,2144
47601,9,1576
47609,9,655
47611,9,2126
47619,9,5031
47621,9,402
47629,9,849
47641,9,232
47649,9,347
47651,9,297
47659,9,906
47661,9,122
47671,9,1742
47681,9,1099
47711,9,1315
47801,9,844
47809,9,1396
47811,9,528
47819,9,350
47821,9,323
47829,9,251
48011,9,336
48019,9,169
48021,9,217
48029,9,132
48039,9,28
48049,9,31
48051,9,257
48059,9,161
48061,9,26
48069,9,113
48071,9,56
48079,9,128
48091,9,17
48099,9,72
48101,9,31
48109,9,32
48111,9,179
48119,9,151
48131,9,3043
48141,9,122
48149,9,300
49011,9,89
49019,9,50
49021,9,401
49029,9,126
49031,9,170
49039,9,186
49041,9,118
49049,9,121
49051,9,355
49059,9,278
49061,9,124
49069,9,172
49071,9,100
49079,9,83
49081,9,60
49089,9,27
49099,9,6
49101,9,59
49109,9,4
49111,9,654
49119,9,137
49121,9,327
49129,9,149
49131,9,46
49139,9,118
49141,9,46
49149,9,121
49151,9,217
49159,9,291
49169,9,97
49171,9,74
49179,9,102
49181,9,73
49189,9,137
49199,9,196
50011,9,1288
50019,9,2442
50021,9,4077
50029,9,1315
50031,9,2863
50037,9,1503
50038,9,13816
50041,9,487
50049,9,754
50051,9,1211
50059,9,5492
50061,9,710
50069,9,1666
50071,9,263
50079,9,247
50081,9,1512
50089,9,2172
50111,9,544
50119,9,958
50121,9,1039
50129,9,968
50159,9,2627
50161,9,1810
50169,9,1499
50171,9,4106
50179,9,1781
50189,9,2130
50191,9,1846
50199,9,1108
50201,9,1682
50209,9,1484
50211,9,4024
50221,9,2189
50229,9,1631
50231,9,829
50239,9,435
50241,9,261
50249,9,251
50251,9,1142
50259,9,422
50261,9,181
50279,9,544
50301,9,358
50321,9,366
50331,9,815
50349,9,837
50351,9,50
50991,9,3028
51011,9,1782
51019,9,1761
51021,9,551
51029,9,615
51031,9,137
51039,9,363
51041,9,813
51049,9,4076
51051,9,470
51059,9,3833
51069,9,1037
51071,9,3241
51079,9,2236
51081,9,451
51089,9,924
51091,9,1294
51099,9,954
51101,9,182
51109,9,149
51111,9,199
51119,9,164
51131,9,254
51139,9,225
52009,9,72130
52011,9,166
52019,9,115
52021,9,1263
52029,9,329
52031,9,2181
52039,9,3260
52049,9,1511
52051,9,3268
52059,9,7220
52061,9,1730
52069,9,1955
52071,9,7416
52079,9,6573
52081,9,5582
52089,9,3207
52099,9,1422
52109,9,1956
52119,9,110
52129,9,2422
52131,9,2307
52139,9,1509
52141,9,481
52149,9,1703
52151,9,2259
52159,9,2212
52161,9,1871
52169,9,1214
52171,9,1904
52179,9,5245
52181,9,1694
52189,9,4574
52191,9,882
52199,9,487
52201,9,1754
52209,9,1427
52211,9,163
52219,9,216
52221,9,431
52229,9,586
52231,9,733
52239,9,1420
52241,9,237
52249,9,618
52251,9,793
52259,9,1191
52261,9,1020
52269,9,4236
52271,9,3934
52279,9,5796
52281,9,834
52289,9,1130
52291,9,1400
52299,9,871
52301,9,988
52309,9,655
52311,9,3127
52319,9,1923
52321,9,3357
52329,9,2543
52331,9,5241
52339,9,1496
52341,9,2096
52349,9,444
52351,9,723
52359,9,928
52361,9,6396
52369,9,3976
52371,9,907
52381,9,1736
52389,9,1581
52391,9,1869
52399,9,830
52401,9,876
52409,9,1027
52411,9,827
52419,9,770
52429,9,2494
52439,9,996
52441,9,1206
52449,9,485
52451,9,2937
52479,9,496
52481,9,4765
52489,9,2776
52499,9,706
52501,9,3440
52509,9,3293
52529,9,308
52539,9,2692
52559,9,3548
53009,9,24582
53011,9,510
53019,9,1460
53021,9,970
53029,9,2544
53039,9,2422
53041,9,3152
53049,9,3284
53051,9,2980
53059,9,4389
53061,9,1305
53069,9,1915
53071,9,734
53079,9,1288
53081,9,256
53089,9,640
53091,9,168
53099,9,366
53111,9,43
53119,9,29
53121,9,5176
53129,9,2378
53131,9,405
53139,9,1102
53141,9,786
53149,9,1004
53151,9,804
53159,9,1023
53161,9,652
53169,9,1284
53171,9,387
53179,9,824
53181,9,282
53189,9,765
53191,9,453
53199,9,978
53201,9,393
53209,9,789
53211,9,1051
53219,9,491
53221,9,2555
53229,9,1897
53231,9,32107
53239,9,5536
53241,9,2363
53249,9,1427
53251,9,665
53259,9,406
53261,9,332
53269,9,339
53271,9,1944
53279,9,813
53281,9,4801
53289,9,1801
53291,9,915
53299,9,631
53301,9,58
53309,9,91
53311,9,424
53319,9,419
53321,9,1349
53329,9,656
53331,9,2030
53339,9,885
53341,9,1830
53349,9,2668
53351,9,6403
53359,9,2750
53361,9,2337
53369,9,2383
53371,9,2281
53379,9,5614
53381,9,6950
53389,9,10088
53391,9,1298
53399,9,2580
53401,9,549
53409,9,808
53419,9,220
53421,9,581
54009,9,48073
54011,9,4828
54019,9,6558
54031,9,2462
54039,9,3056
54041,9,1206
54049,9,3366
54051,9,167
54059,9,923
54061,9,836
54069,9,734
54071,9,1391
54079,9,199
54081,9,4019
54089,9,932
54091,9,1085
54099,9,149
54101,9,1535
54109,9,411
54161,9,1030
54169,9,525
54181,9,2522
54189,9,4591
54191,9,2949
54199,9,4818
54201,9,1880
54209,9,2714
54211,9,1583
54219,9,2956
54221,9,3307
54229,9,2017
54231,9,4168
54239,9,2057
54241,9,10471
54247,9,1734
54248,9,7306
54251,9,56
54259,9,56
54261,9,19828
54269,9,16371
54271,9,1817
54279,9,1726
54281,9,4538
54289,9,9240
54291,9,1943
54299,9,3605
54301,9,1049
54309,9,576
54311,9,3415
54319,9,3858
54321,9,2529
54329,9,3854
54331,9,1064
54339,9,2262
54341,9,506
54349,9,1574
54351,9,1616
54359,9,3906
54369,9,213
54371,9,4987
54379,9,6093
54381,9,3104
54389,9,4581
54391,9,2682
54399,9,7035
54401,9,371
54409,9,1019
54411,9,1751
54419,9,1589
54429,9,913
54439,9,1380
54441,9,585
54449,9,552
54451,9,1426
54459,9,388
54461,9,802
54469,9,54
54471,9,487
54479,9,1826
54481,9,4655
54489,9,3653
54491,9,191
54499,9,184
54501,9,343
54509,9,229
54511,9,269
54519,9,156
54521,9,328
54529,9,522
54531,9,1090
54539,9,425
54571,9,2261
54579,9,2119
54581,9,1067
54589,9,3529
54591,9,42
54599,9,315
54601,9,601
54609,9,806
54611,9,816
54619,9,123
54621,9,1161
54629,9,380
54631,9,590
54641,9,512
54651,9,771
54659,9,1514
55009,9,175
55011,9,1027
55019,9,1488
55021,9,1025
55029,9,798
55031,9,5956
55039,9,4770
55041,9,1323
55049,9,1432
55051,9,1561
55059,9,2095
55071,9,506
55079,9,603
55081,9,765
55089,9,1192
55101,9,312
55109,9,551
55111,9,450
55119,9,2436
55121,9,554
55129,9,2608
55131,9,2521
55139,9,2081
55141,9,781
55149,9,912
55151,9,1390
55159,9,770
55169,9,2927
55171,9,872
55179,9,1606
55181,9,2316
55189,9,7787
55199,9,492
55201,9,2824
55209,9,1197
55211,9,2598
55219,9,131
55221,9,569
55229,9,896
55231,9,635
55239,9,1701
55241,9,106
55249,9,144
55251,9,409
55259,9,560
55261,9,492
55269,9,921
55271,9,36
55279,9,48
55281,9,63
55289,9,45
55301,9,3726
55309,9,560
55311,9,636
55319,9,270
55321,9,414
55329,9,177
55331,9,169
55339,9,177
55341,9,114
55349,9,62
55351,9,37
55361,9,77
55371,9,233
55381,9,342
55509,9,21466
56019,9,435
56021,9,1412
56029,9,1295
56031,9,435
56039,9,853
56041,9,256
56049,9,436
56051,9,1993
56059,9,1328
56061,9,46
56069,9,111
56071,9,33
56079,9,43
56081,9,58
56089,9,19
56091,9,463
56099,9,565
56191,9,537
56199,9,374
56201,9,621
56209,9,841
56241,9,201
56249,9,159
56251,9,993
56259,9,653
56261,9,547
56269,9,337
56289,9,184
57011,9,267
57019,9,477
57021,9,771
57029,9,863
57031,9,375
57039,9,481
57041,9,27
57049,9,69
57051,9,216
57059,9,202
57061,9,166
57069,9,190
57071,9,1265
57079,9,842
57081,9,267
57089,9,2028
57111,9,3251
57119,9,13172
57121,9,672
57129,9,3984
57131,9,728
57139,9,744
57141,9,43
57149,9,66
58009,9,3157
58011,9,2073
58019,9,2256
58021,9,658
58029,9,939
58041,9,278
58049,9,259
58051,9,732
58059,9,1193
58061,9,242
58069,9,185
58071,9,80
58079,9,77
58081,9,189
58089,9,225
58091,9,366
58099,9,393
58101,9,981
58109,9,1052
58111,9,1584
58119,9,1958
58121,9,1615
58129,9,2864
58131,9,136
58139,9,45
58141,9,389
58149,9,663
58151,9,937
58159,9,249
58161,9,381
58169,9,674
58171,9,92
58179,9,65
58181,9,92
58189,9,8
58191,9,83
58199,9,66
58201,9,35
58209,9,195
58211,9,14171
58219,9,6247
58221,9,463
58229,9,929
58241,9,693
58249,9,134
58251,9,6407
58259,9,5370
58261,9,1272
58269,9,1082
58271,9,1345
58279,9,1060
58281,9,806
58289,9,662
58291,9,810
58299,9,920
58301,9,1043
58309,9,665
58311,9,546
58319,9,421
58321,9,803
58329,9,525
58331,9,1591
58339,9,821
58341,9,2574
58349,9,1633
58351,9,2755
58359,9,1251
58361,9,2155
58369,9,1135
58371,9,1351
58379,9,1296
58381,9,1334
58389,9,676
58391,9,309
58399,9,107
58401,9,475
58409,9,1278
58411,9,1082
58419,9,2370
58421,9,239
58429,9,77
58451,9,113
58459,9,491
58461,9,10
58481,9,195
58489,9,480
58491,9,123
58499,9,313
58501,9,349
58509,9,1124
58511,9,610
58519,9,793
58521,9,1506
58529,9,1479
58531,9,2319
58539,9,1845
59009,9,50218
59011,9,409
59019,9,648
59021,9,164
59029,9,145
59031,9,1558
59039,9,1644
59041,9,10163
59049,9,13052
59051,9,3237
59059,9,6489
59061,9,4366
59069,9,3001
59072,9,9100
59073,9,14095
59079,9,12158
59081,9,976
59089,9,506
59091,9,5612
59099,9,2282
59101,9,381
59109,9,497
59111,9,10204
59119,9,8419
59121,9,1295
59129,9,1966
59131,9,2373
59139,9,4037
59141,9,1705
59149,9,1795
59159,9,6939
59161,9,2804
59171,9,4475
59179,9,1562
59181,9,4152
59189,9,1148
59191,9,2795
59199,9,2764
59201,9,2723
59209,9,1257
59211,9,1642
59219,9,1485
59221,9,164
59229,9,427
59231,9,3995
59239,9,6937
59241,9,2836
59249,9,2589
59251,9,2173
59259,9,1373
59261,9,3330
59269,9,1294
59271,9,943
59279,9,398
59281,9,1926
59289,9,343
59291,9,1556
59299,9,348
59301,9,222
59309,9,606
59311,9,1182
59319,9,1078
59321,9,918
59329,9,329
59331,9,1504
59339,9,1808
59341,9,1199
59349,9,2613
59351,9,1688
59359,9,580
59369,9,552
59379,9,577
59381,9,2416
59389,9,2189
59391,9,3303
59399,9,2987
59401,9,1218
59409,9,3497
59411,9,3018
59419,9,6970
59421,9,3005
59429,9,5792
59431,9,893
59439,9,3470
59441,9,2205
59449,9,1680
59451,9,440
59459,9,1673
59461,9,3331
59469,9,3323
59471,9,1394
59479,9,627
59481,9,488
59499,9,520
59501,9,575
59509,9,135
59511,9,1070
59521,9,1441
59529,9,1400
59541,9,60
59549,9,117
59551,9,1188
59559,9,293
59561,9,5365
59569,9,14692
59571,9,1475
59579,9,4038
59581,9,1331
59589,9,570
59591,9,1461
59601,9,1474
59611,9,1652
59619,9,2436
59621,9,719
59631,9,718
59639,9,2496
59641,9,2131
59649,9,707
59651,9,466
59661,9,404
59669,9,494
59671,9,5571
59689,9,3074
59691,9,158
59699,9,273
59701,9,238
59709,9,262
59711,9,1908
59719,9,1863
59721,9,102
59729,9,114
59731,9,544
59739,9,371
59741,9,648
59749,9,307
59751,9,886
59759,9,792
59761,9,3197
59779,9,99
59781,9,107
59789,9,29
60011,9,585
60019,9,759
60021,9,883
60029,9,1639
60031,9,1530
60039,9,636
60051,9,2423
60059,9,2979
60061,9,1393
60069,9,751
60071,9,1835
60079,9,962
60081,9,4920
60089,9,4220
60099,9,2359
60101,9,876
60119,9,10130
60121,9,12244
60139,9,3949
60141,9,2683
60159,9,4700
60161,9,7140
60179,9,8472
60181,9,661
60191,9,1076
60199,9,3810
60201,9,308
60209,9,813
60211,9,7533
60219,9,2436
60221,9,4732
60229,9,3326
60241,9,473
60249,9,451
60251,9,579
60261,9,5348
60269,9,8605
61009,9,641
61011,9,482
61019,9,443
61021,9,1094
61029,9,302
61031,9,4531
61039,9,4812
61041,9,180
61049,9,579
61061,9,569
61069,9,413
61079,9,289
61089,9,434
61099,9,1002
61101,9,4045
62011,9,912
62019,9,1902
62021,9,526
62029,9,997
62031,9,917
62039,9,765
62041,9,1439
62049,9,2068
62051,9,2793
62059,9,4246
62061,9,182
62069,9,233
62071,9,1616
62079,9,366
62081,9,95
62089,9,1115
62091,9,34
62099,9,133
62109,9,207
62111,9,808
62119,9,811
62121,9,660
62129,9,1136
62131,9,4258
62139,9,7455
62141,9,1150
62149,9,2018
62151,9,62
62159,9,59
62161,9,113
62169,9,179
62171,9,66
62179,9,134
62189,9,3566
62219,9,644
62221,9,2943
62229,9,1197
62231,9,261
62239,9,423
62241,9,273
62249,9,188
62251,9,1384
62261,9,549
62271,9,452
63011,9,2116
63019,9,2863
63021,9,694
63029,9,1226
63031,9,6251
63039,9,21828
63041,9,1270
63049,9,2070
63051,9,1758
63059,9,9039
63061,9,1091
63069,9,1980
63071,9,2049
63079,9,2340
63081,9,827
63089,9,1196
63091,9,2555
63099,9,4717
63101,9,2730
63109,9,2323
63131,9,357
63139,9,1055
63141,9,340
63149,9,1358
63151,9,415
63159,9,188
63161,9,156
63169,9,122
63179,9,1001
63181,9,738
63189,9,544
63191,9,729
63199,9,1935
63201,9,570
63209,9,1513
63211,9,2227
63219,9,4720
63221,9,4345
63229,9,872
63231,9,1207
63239,9,1636
63241,9,5568
63249,9,5935
63261,9,837
63269,9,736
63271,9,1389
63279,9,799
63281,9,6732
63289,9,3204
63291,9,5258
63299,9,2112
63301,9,2773
63309,9,1674
63311,9,1286
63319,9,2564
63321,9,1955
63329,9,751
63331,9,1856
63339,9,913
63341,9,5485
63349,9,3716
63351,9,1735
63359,9,1369
63361,9,1789
63369,9,2221
63371,9,898
63379,9,1656
63381,9,1656
63389,9,2558
63391,9,1822
63399,9,3059
64009,9,28785
64011,9,714
64019,9,3731
64021,9,1321
64029,9,2250
64031,9,1981
64039,9,2978
64041,9,1205
64049,9,2844
64051,9,1341
64059,9,3480
64061,9,1294
64069,9,1489
64071,9,2261
64079,9,1558
64081,9,644
64089,9,300
64091,9,152
64099,9,59
64101,9,1811
64109,9,3062
64111,9,5117
64119,9,6254
64121,9,891
64129,9,2184
64131,9,141
64141,9,442
64149,9,341
64151,9,495
64159,9,230
64161,9,164
64169,9,240
64179,9,17
64201,9,2366
64209,9,2454
64211,9,127
64219,9,56
64221,9,176
64229,9,378
64231,9,1231
64239,9,742
64241,9,2497
64249,9,2071
64301,9,412
64309,9,266
64311,9,233
64319,9,79
64321,9,832
64329,9,615
64331,9,2551
64339,9,1098
64341,9,3687
64349,9,2115
64351,9,2141
64359,9,1794
64361,9,2138
64369,9,1385
64371,9,545
64379,9,366
64381,9,11504
64389,9,2282
64391,9,1099
64399,9,709
64401,9,1872
64409,9,3209
64411,9,5729
64419,9,8743
64421,9,904
64429,9,1769
64431,9,603
64439,9,840
64441,9,1143
64449,9,1206
64461,9,3112
64469,9,1857
64471,9,3610
64479,9,3094
64481,9,2711
64489,9,3526
64491,9,4041
64499,9,2097
64509,9,280
64519,9,192
64521,9,2078
64529,9,2172
64541,9,7341
64549,9,9681
64551,9,266
64559,9,1867
64561,9,1156
64571,9,969
64579,9,2101
64601,9,1554
64609,9,2197
64611,9,1555
64619,9,2366
64621,9,1198
64629,9,1046
65009,9,37637
65011,9,1765
65019,9,3200
65021,9,2941
65029,9,4413
65031,9,3301
65039,9,1447
65041,9,1552
65049,9,1227
65059,9,1430
65061,9,8581
65069,9,6295
65071,9,1647
65079,9,1501
65081,9,105
65089,9,703
65091,9,228
65099,9,314
65121,9,20
65139,9,691
65141,9,2138
65149,9,2555
65151,9,1223
65159,9,997
65161,9,1206
65169,9,1915
65171,9,3653
65179,9,2352
65181,9,77
65189,9,95
65191,9,12697
65199,9,22915
65201,9,491
65209,9,1179
65221,9,1300
65229,9,2106
65231,9,1073
65239,9,999
65241,9,739
65249,9,410
65251,9,606
65259,9,1757
65261,9,1135
65269,9,2045
65271,9,1591
65279,9,3206
65281,9,1002
65289,9,2561
65301,9,380
65309,9,275
65311,9,1154
65319,9,838
65321,9,502
65329,9,569
65331,9,483
65339,9,1059
65341,9,804
65349,9,763
65351,9,671
65359,9,261
65371,9,686
65379,9,1256
65381,9,390
65389,9,621
65391,9,886
65399,9,2288
65401,9,462
65409,9,736
65411,9,233
65419,9,263
65429,9,149
65431,9,2436
65439,9,2167
65441,9,106
65449,9,102
65451,9,670
65459,9,170
65461,9,511
65469,9,263
65481,9,214
65489,9,82
65491,9,86
65499,9,169
65521,9,492
65529,9,427
65531,9,667
65539,9,1952
65541,9,236
65549,9,1081
65551,9,144
65559,9,231
65561,9,290
65569,9,29
65611,9,71
65619,9,39
65629,9,28
65801,9,647
65809,9,561
66009,9,13008
66011,9,136
66019,9,96
66021,9,632
66029,9,674
66031,9,1689
66039,9,2267
66041,9,1905
66049,9,1001
66051,9,3986
66059,9,2031
66061,9,470
66069,9,405
66071,9,448
66079,9,238
66081,9,308
66089,9,652
66091,9,1340
66099,9,1420
66101,9,3226
66109,9,3223
66111,9,343
66119,9,461
66121,9,245
66129,9,597
66131,9,417
66139,9,324
66141,9,238
66149,9,347
66151,9,131
66161,9,123
66171,9,438
66181,9,164
66191,9,109
66201,9,169
66211,9,285
66221,9,114
66231,9,310
66241,9,30
66251,9,265
66261,9,102
66271,9,7423
66291,9,354
66301,9,2510
66309,9,1198
66311,9,586
66319,9,361
66321,9,479
66329,9,308
66331,9,8323
66339,9,7634
66341,9,1185
66349,9,933
66351,9,16219
66359,9,19878
66361,9,848
66369,9,3067
66371,9,5906
66379,9,4654
66381,9,1521
66389,9,8839
66391,9,515
66399,9,325
66401,9,303
66409,9,409
66411,9,731
66419,9,592
66421,9,1668
66429,9,2755
66431,9,1579
66439,9,1850
66451,9,983
66459,9,1349
66461,9,937
66471,9,830
66479,9,1059
66481,9,2661
66489,9,4228
66491,9,2076
66499,9,2492
66509,9,1629
66511,9,478
66519,9,262
66521,9,191
66529,9,2645
66531,9,211
66539,9,1400
66541,9,1101
66549,9,247
66551,9,1263
66559,9,102
66561,9,550
66569,9,578
66579,9,1734
66589,9,866
66599,9,599
67009,9,24892
67011,9,241
67019,9,310
67021,9,314
67029,9,356
67039,9,735
67041,9,2088
67049,9,1708
67051,9,3191
67059,9,1283
67061,9,204
67069,9,102
67071,9,1011
67079,9,645
67081,9,133
67089,9,85
67101,9,1117
67109,9,2182
67111,9,633
67119,9,1834
67121,9,810
67129,9,1422
67131,9,1064
67139,9,1594
67141,9,1848
67151,9,641
67159,9,1010
67161,9,143
67169,9,143
67171,9,1122
67179,9,1657
67181,9,2100
67189,9,2155
67191,9,1633
67199,9,1832
67201,9,2240
67209,9,1796
67211,9,1870
67219,9,1837
67221,9,668
67229,9,608
67231,9,997
67239,9,2041
67241,9,782
67249,9,1202
67251,9,1703
67259,9,2208
67261,9,1253
67269,9,739
67271,9,1215
67279,9,1442
67281,9,734
67289,9,625
67291,9,260
67299,9,249
67301,9,513
67309,9,255
67311,9,197
67319,9,348
67321,9,652
67329,9,835
67331,9,228
67339,9,426
67341,9,455
67349,9,435
67351,9,286
67359,9,461
67361,9,599
67369,9,1519
67371,9,1243
67379,9,3307
67381,9,2043
67389,9,1219
67391,9,2226
67399,9,1184
67401,9,8583
67409,9,10369
67411,9,1241
67419,9,1501
67421,9,188
67429,9,94
67431,9,143
67439,9,250
67441,9,6811
67449,9,3126
67451,9,258
67459,9,87
67461,9,868
67469,9,462
67471,9,725
67479,9,1966
67481,9,1689
67489,9,2519
67491,9,1034
67499,9,1125
67501,9,164
67509,9,103
67511,9,159
67519,9,124
67521,9,654
67529,9,574
67531,9,453
67539,9,572
67541,9,226
67549,9,333
67551,9,2164
67559,9,1572
67561,9,1642
67569,9,677
67571,9,699
67579,9,664
67591,9,2133
67599,9,982
67601,9,6248
67609,9,7619
67611,9,1837
67619,9,446
67621,9,1007
67629,9,521
67641,9,77
67649,9,161
67659,9,35
67661,9,2826
67671,9,606
67691,9,615
67699,9,452
67701,9,337
67711,9,69
67719,9,367
67721,9,67
67729,9,202
67731,9,454
67739,9,792
67741,9,26
67759,9,986
67761,9,599
67769,9,481
68011,9,322
68019,9,173
68021,9,910
68029,9,2208
68031,9,1078
68039,9,767
68049,9,321
68051,9,202
68059,9,212
68061,9,147
68069,9,140
68081,9,109
68089,9,82
68091,9,413
68099,9,270
68101,9,330
68109,9,159
68111,9,4451
68119,9,3643
68121,9,163
68129,9,88
68131,9,43
68139,9,10
68141,9,175
68149,9,173
68151,9,95
68159,9,96
68171,9,23
68179,9,24
68239,9,153
70011,9,753
70019,9,2502
70021,9,1769
70029,9,478
70031,9,2538
70039,9,5555
70041,9,1753
70049,9,1615
70051,9,1842
70059,9,2948
70061,9,89
70069,9,87
70071,9,378
70079,9,407
70081,9,3097
70089,9,2121
70091,9,318
70099,9,469
70101,9,4620
70109,9,2325
70111,9,2075
70119,9,1982
70121,9,1958
70129,9,993
70131,9,1283
70139,9,1258
70141,9,733
70149,9,1827
70151,9,831
70161,9,1445
70171,9,2504
70181,9,4710
70191,9,1710
70201,9,723
70211,9,4893
70221,9,3002
70231,9,2465
70241,9,555
70251,9,2340
70259,9,3350
70261,9,1759
70269,9,2064
70271,9,4163
70279,9,5651
70281,9,4059
70289,9,4084
70291,9,1769
70299,9,3381
70301,9,1586
70309,9,1846
70311,9,174
70319,9,310
70321,9,482
70329,9,768
70341,9,1120
70349,9,911
70359,9,168
70361,9,474
70371,9,3942
70379,9,520
70401,9,70
70409,9,91
71011,9,1508
71021,9,771
71029,9,698
71031,9,435
71041,9,130
71049,9,101
71051,9,489
71059,9,418
71061,9,958
71069,9,1089
71071,9,3414
71079,9,2897
71081,9,4231
71089,9,3838
71091,9,6498
71099,9,7726
71101,9,1254
71109,9,629
71111,9,2066
71119,9,1686
71121,9,764
71129,9,2092
71131,9,1765
71139,9,3896
71141,9,761
71149,9,1338
71151,9,1332
71159,9,1523
71161,9,2947
71169,9,3131
71171,9,243
71179,9,744
71181,9,471
71189,9,312
71191,9,79
71201,9,2051
71209,9,1915
71211,9,1264
71219,9,1768
71221,9,191
71229,9,506
71291,9,244
71299,9,237
71331,9,153
71339,9,54
72011,9,4560
72019,9,6479
72021,9,1559
72029,9,2026
72031,9,2321
72039,9,2291
72041,9,2963
72049,9,1591
72051,9,1631
72059,9,2743
72061,9,2983
72069,9,4999
72071,9,1754
72079,9,3456
72131,9,69
72139,9,112
72141,9,41
72149,9,54
72151,9,260
72159,9,532
72161,9,7
72169,9,96
73019,9,339
73031,9,127
73039,9,132
73041,9,303
73049,9,139
74019,9,23
74021,9,18
74029,9,11
74031,9,98
74039,9,107
74041,9,247
74049,9,210
75009,9,76130
75019,9,398
75021,9,478
75031,9,1196
75039,9,1153
75051,9,7034
75059,9,5880
75061,9,259
75069,9,492
75071,9,870
75079,9,744
75081,9,5906
75089,9,4715
75099,9,657
75101,9,1171
75109,9,735
75111,9,1132
75121,9,2769
75129,9,1165
75131,9,4161
75139,9,1796
75141,9,3066
75149,9,1376
75151,9,2100
75159,9,3109
75161,9,924
75169,9,2931
75171,9,227
75179,9,440
75201,9,848
75209,9,339
75219,9,566
75221,9,2023
75229,9,1779
75231,9,5414
75239,9,4350
75241,9,2967
75249,9,1754
75251,9,2248
75259,9,2851
75261,9,435
75269,9,928
75271,9,894
75279,9,1586
75281,9,1189
75289,9,1938
75291,9,522
75299,9,287
75311,9,1292
75319,9,1380
75329,9,1148
75339,9,1841
75341,9,2852
75349,9,3321
75351,9,2565
75359,9,5538
75361,9,1136
75369,9,510
75371,9,276
75379,9,472
75381,9,222
75391,9,61
75401,9,41
75409,9,216
75411,9,11
75419,9,123
75461,9,346
75469,9,155
76031,9,5536
76039,9,9083
76041,9,243
76049,9,974
76051,9,6259
76059,9,4484
76061,9,4967
76069,9,5786
76071,9,4289
76079,9,4912
76081,9,3054
76089,9,3627
76091,9,2187
76099,9,3299
76101,9,8606
76109,9,7833
76111,9,628
76119,9,1319
76121,9,1129
76129,9,1291
76131,9,3057
76139,9,3939
76141,9,4818
76149,9,4060
76151,9,450
76159,9,718
76161,9,231
76169,9,237
76171,9,293
76179,9,380
76181,9,2098
76189,9,3449
76191,9,11580
76199,9,11954
76201,9,1277
76209,9,1554
76211,9,1892
76219,9,1598
76221,9,3680
76229,9,2322
76231,9,3183
76239,9,6900
76241,9,4452
76249,9,5672
76251,9,1047
76259,9,1380
76261,9,1298
76269,9,1475
76271,9,1342
76279,9,1460
76281,9,823
76289,9,768
76291,9,248
76301,9,583
76311,9,718
76319,9,821
76329,9,699
76339,9,725
76341,9,642
76349,9,364
76351,9,4566
76359,9,3366
76361,9,2395
76369,9,706
76371,9,295
76391,9,1675
76399,9,753
76401,9,370
76409,9,759
76411,9,602
76419,9,1202
76421,9,3345
76429,9,855
76431,9,136
76439,9,1738
76441,9,170
76449,9,1374
76451,9,195
76459,9,1491
76461,9,593
76469,9,548
76471,9,736
76511,9,1294
76519,9,407
76521,9,1002
76529,9,265
76541,9,1038
76549,9,687
76551,9,236
76559,9,32
77009,9,35962
77011,9,1814
77019,9,2100
77021,9,1913
77029,9,3139
77031,9,3393
77039,9,4806
77041,9,928
77049,9,1029
77051,9,3025
77059,9,1858
77061,9,507
77069,9,284
77071,9,1483
77079,9,415
77081,9,73
77089,9,18
77091,9,67
77099,9,125
77101,9,180
77109,9,110
77111,9,77
77119,9,50
77129,9,249
77131,9,265
77139,9,519
77141,9,367
77161,9,134
77169,9,730
77171,9,3873
77179,9,1692
77181,9,702
77189,9,151
77191,9,550
77199,9,970
77201,9,2053
77209,9,2520
77211,9,782
77219,9,903
77221,9,670
77231,9,521
77239,9,1040
77241,9,978
77249,9,1384
77251,9,395
77259,9,781
77261,9,340
77269,9,473
77271,9,826
77279,9,864
77281,9,3581
77289,9,4695
77291,9,1522
77301,9,414
77309,9,592
77311,9,861
77319,9,703
77321,9,1830
77329,9,873
77331,9,4067
77339,9,2348
77341,9,352
77349,9,308
77351,9,550
77359,9,237
77361,9,854
77369,9,257
77371,9,89
77379,9,104
78049,9,2010
78051,9,2625
78059,9,3422
78061,9,5082
78069,9,8632
78071,9,1962
78079,9,1841
78081,9,1424
78089,9,1733
78091,9,425
78099,9,198
78101,9,3372
78109,9,4323
78111,9,2851
78119,9,1767
78121,9,968
78129,9,476
78131,9,554
78139,9,749
78141,9,654
78149,9,367
78151,9,453
78159,9,1281
78161,9,684
78169,9,1513
78171,9,548
78181,9,1096
78191,9,248
78201,9,902
78209,9,822
78211,9,506
78219,9,545
78221,9,1346
78229,9,1205
78231,9,450
78241,9,684
78251,9,284
78259,9,746
78261,9,374
78269,9,750
78271,9,323
78279,9,190
80009,9,490
80011,9,1162
80029,9,1231
80031,9,3352
80039,9,226
80049,9,4641
80051,9,4934
80069,9,5069
80071,9,3587
80089,9,3688
80091,9,3074
80101,9,7062
80109,9,4800
80111,9,357
80119,9,973
80141,9,2032
80149,9,1481
80151,9,668
80159,9,3806
80161,9,297
80169,9,1773
80191,9,32
80199,9,2643
80211,9,124
80219,9,228
80229,9,2861
80231,9,296
80239,9,658
80249,9,1711
80251,9,1117
80259,9,729
80269,9,176
80271,9,702
80279,9,1635
80289,9,644
80291,9,132
80299,9,219
80301,9,275
80309,9,116
80311,9,430
80319,9,834
81011,9,2116
81029,9,2242
81031,9,2155
81049,9,1934
81051,9,1307
81069,9,1588
81081,9,6502
81089,9,10037
81091,9,1499
81099,9,3100
81101,9,1540
81109,9,974
81111,9,15950
81119,9,4601
81129,9,10592
81131,9,535
81139,9,747
81141,9,560
81149,9,1343
81151,9,750
81159,9,1390
81161,9,1289
81169,9,1024
81171,9,3235
81179,9,1860
81181,9,4746
81189,9,4994
81191,9,115
81199,9,306
81201,9,896
81209,9,897
81211,9,5715
81219,9,3489
81221,9,207
81229,9,442
81231,9,128
82009,9,7931
82011,9,2318
82029,9,8391
82032,9,6493
82033,9,2239
82049,9,13205
82051,9,249
82059,9,139
82061,9,6989
82069,9,6983
82071,9,1711
82079,9,1724
82081,9,1348
82089,9,1083
82091,9,2453
82099,9,1883
82109,9,1340
82111,9,194
82119,9,2149
82121,9,328
82129,9,929
82131,9,724
82139,9,999
82141,9,353
82149,9,510
82151,9,725
82159,9,761
82171,9,175
82179,9,268
82181,9,285
82221,9,2281
82229,9,376
82231,9,88
83011,9,1344
83029,9,967
83031,9,978
83049,9,923
83059,9,1731
83062,9,12414
83063,9,173
83079,9,445
83081,9,1660
83099,9,1496
83101,9,10695
83109,9,7627
83111,9,2222
83119,9,4755
83121,9,1187
83129,9,631
83131,9,578
83139,9,365
83141,9,295
83149,9,92
83151,9,1213
83159,9,1161
83169,9,266
83171,9,223
83179,9,181
83181,9,132
83189,9,83
83191,9,61
83199,9,22
83201,9,114
83209,9,214
83219,9,214
83229,9,150
83231,9,291
83239,9,178
83249,9,277
83251,9,65
83261,9,116
83269,9,85
83271,9,73
83279,9,362
83281,9,139
83291,9,1963
83299,9,1771
83301,9,1046
83309,9,820
83311,9,883
83319,9,624
83321,9,1493
83329,9,2109
83341,9,283
83351,9,442
83361,9,1635
83371,9,314
83381,9,56
84009,9,62996
84011,9,9198
84019,9,2016
84021,9,5958
84029,9,5248
84031,9,17152
84039,9,18268
84041,9,3045
84049,9,8235
84051,9,3635
84059,9,6962
84061,9,5557
84069,9,5418
84071,9,1141
84079,9,1576
84081,9,738
84089,9,1436
84101,9,1351
84109,9,2597
84111,9,2748
84119,9,3799
84121,9,618
84129,9,1778
84131,9,663
84139,9,1287
84141,9,616
84149,9,748
84151,9,953
84159,9,692
84191,9,936
84199,9,787
84201,9,5821
84209,9,4948
84211,9,3347
84219,9,4348
84221,9,2434
84229,9,2209
84231,9,6602
84239,9,3087
84241,9,2393
84249,9,2534
84251,9,1309
84259,9,1464
84261,9,544
84269,9,823
84271,9,259
84279,9,59
84281,9,1176
84289,9,951
84299,9,32
84301,9,1883
84309,9,1586
84311,9,938
84319,9,805
84321,9,664
84329,9,663
84331,9,1470
84339,9,855
84341,9,859
84349,9,1067
84351,9,9885
84359,9,4776
84361,9,2718
84369,9,4068
84371,9,787
84379,9,2480
84381,9,1213
84391,9,2390
84401,9,1769
84409,9,2216
84411,9,1658
84419,9,1145
84421,9,1907
84429,9,306
84431,9,510
84439,9,714
84449,9,1060
84451,9,5513
84459,9,1449
84461,9,986
84469,9,1703
84471,9,4428
84479,9,4345
84481,9,4448
84489,9,3175
84491,9,3735
84499,9,3318
84501,9,2980
84511,9,2682
84521,9,4015
84529,9,3863
84539,9,1755
84541,9,1795
84549,9,1034
84551,9,1092
84559,9,2196
84561,9,1059
84569,9,2261
84571,9,954
84579,9,2277
84581,9,1184
84589,9,241
84591,9,1057
84599,9,720
84601,9,596
84609,9,687
84611,9,931
84619,9,603
84621,9,1633
84629,9,1605
84631,9,1628
84639,9,1211
84641,9,2457
84649,9,591
84661,9,1596
84669,9,2725
84671,9,458
84679,9,445
84681,9,450
84691,9,211
84701,9,2659
84709,9,1371
85019,9,838
85021,9,1352
85029,9,305
85031,9,497
85039,9,238
85041,9,538
85049,9,635
85051,9,221
85059,9,357
85061,9,1649
85069,9,1720
85071,9,1354
85079,9,801
85081,9,357
85089,9,429
85091,9,18233
85099,9,9463
85101,9,673
85109,9,452
90011,9,29
90019,9,53
90021,9,1404
90029,9,923
90031,9,354
90039,9,122
90061,9,340
90069,9,837
90079,9,1568
91041,9,697
91049,9,478
91051,9,647
91059,9,978
91061,9,401
91069,9,514
91071,9,181
91079,9,171
91081,9,723
91089,9,1000
91091,9,3245
91099,9,1627
92041,9,10699
92049,9,12747
92051,9,688
92059,9,2928
92061,9,1747
92069,9,1924
92071,9,3107
92079,9,4116
92081,9,527
92089,9,552
92091,9,486
92099,9,1252
92101,9,1941
92109,9,480
92111,9,2734
92119,9,3362
92121,9,1549
92129,9,2193
92131,9,503
92139,9,603
92141,9,632
92149,9,843
92151,9,504
92159,9,811
92161,9,1362
92169,9,1842
92171,9,949
92179,9,771
92181,9,592
92189,9,516
92201,9,983
92209,9,768
92211,9,587
92219,9,139
92221,9,2004
92229,9,1988
92231,9,1922
92239,9,2416
92241,9,1889
92249,9,2098
92271,9,729
92279,9,865
92301,9,331
92309,9,337
93011,9,939
93019,9,1395
93021,9,1447
93029,9,1646
93031,9,1011
93039,9,622
93041,9,1186
93049,9,1081
93051,9,503
93059,9,450
93061,9,1566
93069,9,1301
93071,9,1379
93079,9,1587
93081,9,669
93089,9,1109
93091,9,594
93099,9,928
93101,9,89
93109,9,75
93111,9,108
93119,9,204
93121,9,219
93129,9,291
93131,9,819
93139,9,988
93149,9,31
93199,9,114
93201,9,762
94009,9,435
94011,9,447
94019,9,869
94021,9,529
94029,9,526
94031,9,1305
94039,9,2082
94041,9,475
94049,9,466
94051,9,604
94059,9,475
94061,9,381
94069,9,320
94071,9,229
94079,9,146
94089,9,362
94099,9,41
95011,9,249
95019,9,625
95029,9,8016
95039,9,868
95041,9,764
95049,9,769
95051,9,1370
95061,9,1697
95069,9,754
95071,9,22
95079,9,26
95081,9,65
95089,9,14
95091,9,433
95099,9,369
95109,9,10820
95129,9,6829
95131,9,2287
95139,9,1385
95141,9,1385
95149,9,1048
95151,9,1995
95159,9,1536
95161,9,68
95169,9,51
95171,9,307
95179,9,271
95181,9,241
95189,9,96
95191,9,146
95209,9,1116
95901,9,275
95909,9,191
96011,9,434
96019,9,208
96021,9,144
96029,9,196
96031,9,251
96039,9,275
96041,9,1822
96049,9,3129
96051,9,379
96059,9,479
96061,9,873
96069,9,2058
96071,9,203
96079,9,71
96081,9,155
96089,9,178
96091,9,43
96099,9,70
96101,9,1388
96109,9,2366
96111,9,701
96119,9,1519
96121,9,2686
96129,9,3806
96131,9,638
96139,9,1060
96141,9,543
96149,9,1553
96151,9,497
96159,9,809
96161,9,5147
96169,9,5414
96171,9,744
96179,9,193
96181,9,941
96189,9,1633
96191,9,445
96199,9,280
96201,9,334
96209,9,1084
96219,9,2443
96221,9,222
96229,9,531
96231,9,29
96239,9,370
96241,9,62
96249,9,660
96251,9,1837
96259,9,2202
96261,9,611
96269,9,588
96271,9,23
96281,9,1941
96289,9,5713
96291,9,1120
96299,9,1126
96301,9,1823
96309,9,3462
96311,9,881
96319,9,60
96321,9,1313
96329,9,55
96331,9,1179
96341,9,696
96351,9,744
96361,9,491
96371,9,394
96381,9,2267
96389,9,77
96401,9,4078
96411,9,49
96419,9,1078
96421,9,227
96429,9,309
96431,9,217
96439,9,358
96441,9,21
96449,9,259
97009,9,137
97011,9,1980
97019,9,1055
97031,9,675
97039,9,1936
97041,9,701
97049,9,2060
97051,9,238
97059,9,386
97061,9,292
97069,9,203
97071,9,105
97079,9,176
97081,9,110
97089,9,49
97091,9,105
97099,9,74
97101,9,87
97109,9,136
97111,9,202
97119,9,175
97121,9,61
97129,9,64
97141,9,812
97149,9,39
97151,9,173
97159,9,33
97161,9,114
97169,9,19
97171,9,676
97179,9,294
97181,9,111
97189,9,93
97201,9,80
97209,9,80
97301,9,153
97311,9,509
97321,9,319
97331,9,96
98011,9,2493
98019,9,4035
98021,9,472
98029,9,271
98031,9,658
98039,9,43
98041,9,922
98049,9,963
98051,9,329
98059,9,124
98061,9,226
98069,9,103
98071,9,322
98079,9,129
98081,9,120
98089,9,64
98091,9,1584
98099,9,2092
98101,9,1353
98109,9,1252
98111,9,519
98119,9,259
98121,9,648
98129,9,166
98131,9,325
98139,9,40
98141,9,82
98149,9,21
98151,9,90
98161,9,302
98171,9,159
98181,9,240
98199,9,209
98209,9,482
98219,9,128
98229,9,24
98231,9,1045
98239,9,141
98301,9,858
98309,9,2547
98311,9,203
98319,9,739
99009,9,2563
99011,9,36
99019,9,14
99021,9,688
99029,9,285
99031,9,168
99039,9,193
99041,9,1090
99049,9,651
99071,9,47
99079,9,45
99081,9,140
99089,9,52
99091,9,18
99101,9,147
99109,9,119
99111,9,89
99119,9,32
99129,9,119
99131,9,710
99139,9,713
99161,9,13
99171,9,132
99181,9,894
99189,9,318
